Ano;Id;Mês;Battery Power;Confidence(1);Confidence(2);Erro;error perc;Int Memory;Prediction(Price Range);Price Range;Px Height;Px Width;Ram;Variavel;Vendas;Data
2020;1;1;1843;1,09E-05;0,999989104;0;0;16;2;2;118;580;3213;1;1;1/2020
2021;2;2;1424;0,999864292;0,000135708;0;0;23;1;1;1399;1663;1053;1;1;2/2021
2022;3;3;1844;0,979522275;0,020477725;0;0;51;1;1;533;882;1724;1;1;3/2022
2023;4;4;1501;0,000486955;0,999513045;0;0;2;2;2;198;1056;2487;1;1;4/2023
2024;5;5;1976;1,07E-05;0,999989335;0;0;45;2;2;652;1933;2470;1;1;5/2024
2020;6;6;1270;9,20E-06;0,999990801;0;0;32;2;2;299;845;3770;1;1;6/2020
2021;7;7;1487;0,166090715;0,833909285;0;0;42;2;2;857;989;2003;1;1;7/2021
2022;8;8;1864;6,54E-05;0,999934615;0;0;7;2;2;225;1545;2258;1;1;8/2022
2023;9;9;1307;0,999932417;6,76E-05;0;0;7;1;1;897;1103;1412;1;1;9/2023
2024;10;10;1285;0,998384996;0,001615004;0;0;51;1;1;475;500;2094;1;1;10/2024
2020;11;11;715;1,49E-05;0,999985108;0;0;48;2;2;21;562;3709;1;1;11/2020
2021;12;12;966;1,65E-05;0,999983488;0;0;50;2;2;1446;1754;2574;1;1;12/2021
2022;13;1;689;0,999983763;1,62E-05;0;0;7;1;1;487;722;1241;1;1;1/2022
2023;14;2;1218;0,828239656;0,171760344;0;0;39;1;1;1122;1746;1667;1;1;2/2023
2024;15;3;873;0,999983875;1,61E-05;0;0;8;1;1;1257;1411;575;1;1;3/2024
2020;16;4;1834;8,72E-06;0,99999128;0;0;40;2;2;0;1987;3692;1;1;4/2020
2021;17;5;1367;0,999984597;1,54E-05;0;0;56;1;1;36;642;299;1;1;5/2021
2022;18;6;722;0,978174335;0,021825665;0;0;12;1;1;138;1371;2359;1;1;6/2022
2023;19;7;1953;9,83E-05;0,999901652;0;0;56;2;2;555;764;2334;1;1;7/2023
2024;20;8;977;8,80E-06;0,999991197;0;0;35;2;2;1502;1862;3714;1;1;8/2024
2020;21;9;879;0,999984652;1,53E-05;0;0;14;1;1;403;1105;349;1;1;9/2020
2021;22;10;1900;0,999939167;6,08E-05;0;0;41;1;1;912;1596;850;1;1;10/2021
2022;23;11;1504;2,01E-05;0,99997987;0;0;34;2;2;507;973;2806;1;1;11/2022
2023;24;12;825;1,11E-05;0,999988944;0;0;23;2;2;206;1917;3278;1;1;12/2023
2024;25;1;1164;8,77E-06;0,999991227;0;0;61;2;2;1107;1656;3859;1;1;1/2024
2020;27;2;894;8,99E-06;0,999991007;0;0;50;2;2;1285;1462;3615;1;1;2/2020
2021;28;3;1519;1,43E-05;0,99998568;0;0;30;2;2;1122;1702;2440;1;1;3/2021
2022;29;4;860;1,20E-05;0,999988007;0;0;40;2;2;1573;1581;2832;1;1;4/2022
2023;30;5;1537;8,83E-06;0,999991169;0;0;43;2;2;839;1131;3685;1;1;5/2023
2024;31;6;1620;0,999971349;2,87E-05;0;0;5;1;1;434;1339;1086;1;1;6/2024
2020;32;7;994;2,93E-05;0,999970667;0;0;56;2;2;491;530;3190;1;1;7/2020
2021;33;8;1412;0,999978014;2,20E-05;0;0;25;1;1;516;1894;837;1;1;8/2021
2022;34;9;1260;0,001870976;0,998129024;0;0;23;2;2;905;1313;2208;1;1;9/2022
2023;35;10;1896;8,83E-06;0,99999117;0;0;7;2;2;447;794;3684;1;1;10/2023
2024;36;11;1979;0,999978965;2,10E-05;0;0;32;1;1;833;1630;452;1;1;11/2024
2020;37;12;1935;0,999983094;1,69E-05;0;0;29;1;1;806;860;455;1;1;12/2020
2021;38;1;1342;1,17E-05;0,999988299;0;0;31;2;2;991;1638;2746;1;1;1/2021
2022;39;2;1006;0,999984201;1,58E-05;0;0;22;1;1;35;991;909;1;1;2/2022
2023;40;3;601;0,999984747;1,53E-05;0;0;4;1;1;356;765;532;1;1;3/2023
2024;41;4;1561;0,999972073;2,79E-05;0;0;27;1;1;662;874;1205;1;1;4/2024
2020;42;5;1430;0,999983487;1,65E-05;0;0;56;1;1;569;906;752;1;1;5/2020
2021;44;6;1970;3,79E-05;0,999962059;0;0;58;2;2;654;882;2372;1;1;6/2021
2022;45;7;1090;8,79E-06;0,999991215;0;0;8;2;2;1217;1670;3839;1;1;7/2022
2023;46;8;804;0,999794794;0,000205206;0;0;41;1;1;709;818;2027;1;1;8/2023
2024;47;9;1948;0,999983854;1,61E-05;0;0;5;1;1;651;700;361;1;1;9/2024
2020;48;10;1048;0,923174161;0,076825839;0;0;29;1;1;29;1670;2146;1;1;10/2020
2021;49;11;709;0,999984567;1,54E-05;0;0;13;1;1;570;1422;467;1;1;11/2021
2022;50;12;1132;0,570059735;0,429940265;0;0;8;1;1;1091;1293;1950;1;1;12/2022
2023;51;1;1694;0,284211301;0,715788699;0;0;53;2;2;1194;1208;1653;1;1;1/2023
2024;52;2;1692;0,774325456;0,225674544;0;0;61;1;1;975;1996;1354;1;1;2/2024
2020;53;3;1087;0,999984472;1,55E-05;0;0;16;1;1;295;589;690;1;1;3/2020
2021;54;4;891;0,999981705;1,83E-05;0;0;18;1;1;40;1435;1303;1;1;4/2021
2022;55;5;1156;0,999984586;1,54E-05;0;0;50;1;1;322;547;470;1;1;5/2022
2023;56;6;1958;8,76E-06;0,999991239;0;0;52;2;2;1524;1848;3064;1;1;6/2023
2024;57;7;1753;0,022648831;0,977351169;0;0;31;2;2;1590;1926;1324;1;1;7/2024
2020;58;8;1344;0,997906355;0,002093645;0;0;14;1;1;419;556;2074;1;1;8/2020
2021;59;9;743;0,999984225;1,58E-05;0;0;33;1;1;1587;1659;316;1;1;9/2021
2022;60;10;1396;2,81E-05;0,999971866;0;0;37;2;2;560;1177;2694;1;1;10/2022
2023;61;11;1977;9,86E-06;0,999990143;0;0;31;2;2;1145;1356;2641;1;1;11/2023
2024;62;12;1911;8,96E-06;0,999991041;0;0;36;2;2;868;1632;3057;1;1;12/2024
2020;63;1;1766;7,48E-05;0,999925174;0;0;29;2;2;439;1306;2316;1;1;1/2020
2021;64;2;1969;0,999984087;1,59E-05;0;0;63;1;1;390;756;298;1;1;2/2021
2022;65;3;790;9,56E-06;0,999990441;0;0;44;2;2;1100;1437;3424;1;1;3/2022
2023;66;4;1577;1,20E-05;0,999988;0;0;64;2;2;116;1432;2967;1;1;4/2023
2024;67;5;1142;0,999947791;5,22E-05;0;0;6;1;1;739;1766;1273;1;1;5/2024
2020;68;6;1723;8,79E-06;0,999991208;0;0;42;2;2;202;1791;3587;1;1;6/2020
2021;69;7;1379;0,00097119;0,99902881;0;0;18;2;2;838;885;2358;1;1;7/2021
2022;70;8;1698;0,374936399;0,625063601;0;0;26;2;2;485;1819;1656;1;1;8/2022
2023;71;9;1564;8,94E-06;0,999991057;0;0;26;2;2;117;1115;3742;1;1;9/2023
2024;72;10;1686;0,999981522;1,85E-05;0;0;28;1;1;599;1073;780;1;1;10/2024
2020;73;11;1494;0,999961107;3,89E-05;0;0;3;1;1;944;1003;1208;1;1;11/2020
2021;74;12;1444;1,47E-05;0,999985339;0;0;48;2;2;1092;1554;2540;1;1;12/2021
2022;75;1;972;9,49E-06;0,999990505;0;0;44;2;2;297;589;3925;1;1;1/2022
2023;76;2;1330;9,94E-06;0,999990058;0;0;52;2;2;462;1304;3269;1;1;2/2023
2024;77;3;1494;8,85E-06;0,999991149;0;0;24;2;2;979;1190;3614;1;1;3/2024
2020;78;4;915;0,997342055;0,002657945;0;0;33;1;1;503;986;2156;1;1;4/2020
2021;79;5;1269;0,038589832;0,961410168;0;0;41;2;2;406;1036;2341;1;1;5/2021
2022;80;6;1358;8,84E-06;0,999991162;0;0;20;2;2;1485;1655;3406;1;1;6/2022
2023;81;7;635;0,37041866;0,62958134;0;0;16;2;2;599;1299;2452;1;1;7/2023
2024;82;8;1160;0,99998424;1,58E-05;0;0;63;1;1;762;859;595;1;1;8/2024
2020;83;9;1760;1,58E-05;0,999984214;0;0;50;2;2;273;1704;2549;1;1;9/2020
2021;84;10;1345;0,999952934;4,71E-05;0;0;38;1;1;512;1465;1322;1;1;10/2021
2022;85;11;890;0,999982089;1,79E-05;0;0;44;1;1;1074;1873;751;1;1;11/2022
2023;86;12;809;0,999936646;6,34E-05;0;0;21;1;1;1453;1726;1274;1;1;12/2023
2024;87;1;718;0,999975568;2,44E-05;0;0;30;1;1;662;997;1601;1;1;1/2024
2020;88;2;1806;1,06E-05;0,999989446;0;0;54;2;2;347;727;3142;1;1;2/2020
2021;89;3;1811;0,999984049;1,60E-05;0;0;32;1;1;204;1132;348;1;1;3/2021
2022;90;4;1732;0,999912607;8,74E-05;0;0;12;1;1;824;881;1308;1;1;4/2022
2023;91;5;823;0,999983159;1,68E-05;0;0;60;1;1;822;1449;905;1;1;5/2023
2024;92;6;1462;0,999982685;1,73E-05;0;0;25;1;1;91;1478;824;1;1;6/2024
2020;93;7;1588;0,000869973;0,999130027;0;0;4;2;2;146;822;2506;1;1;7/2020
2021;94;8;928;0,999984399;1,56E-05;0;0;56;1;1;221;1243;666;1;1;8/2021
2022;95;9;1880;9,78E-06;0,999990224;0;0;18;2;2;71;699;3333;1;1;9/2022
2023;96;10;1768;8,77E-06;0,999991226;0;0;2;2;2;1303;1814;3256;1;1;10/2023
2024;97;11;965;0,999983573;1,64E-05;0;0;13;1;1;130;998;1138;1;1;11/2024
2020;98;12;1993;0,000358001;0,999641999;0;0;27;2;2;150;510;2437;1;1;12/2020
2021;99;1;1254;0,999975619;2,44E-05;0;0;45;1;1;1571;1956;606;1;1;1/2021
2022;100;2;1185;5,18E-05;0,999948244;0;0;31;2;2;837;1642;2447;1;1;2/2022
2023;101;3;534;9,52E-06;0,999990481;0;0;16;2;2;393;1199;3926;1;1;3/2023
2024;102;4;547;0,972886827;0,027113173;0;0;37;1;1;371;541;2705;1;1;4/2024
2020;103;5;1928;8,67E-06;0,999991326;0;0;19;2;2;691;1580;3777;1;1;5/2020
2021;104;6;1020;0,99997445;2,56E-05;0;0;7;1;1;870;1613;1142;1;1;6/2021
2022;105;7;1944;1,05E-05;0,999989456;0;0;31;2;2;1111;1362;2560;1;1;7/2022
2023;106;8;1918;0,00049108;0,99950892;0;0;10;2;2;1170;1543;1717;1;1;8/2023
2024;107;9;1654;0,999626504;0,000373496;0;0;11;1;1;1184;1719;1070;1;1;9/2024
2020;108;10;1310;0,999968312;3,17E-05;0;0;33;1;1;806;1016;1301;1;1;10/2020
2021;109;11;1726;8,43E-05;0,99991571;0;0;42;2;2;1221;1804;1868;1;1;11/2021
2022;110;12;535;0,097769195;0,902230805;0;0;54;2;2;710;939;2674;1;1;12/2022
2023;111;1;1825;8,77E-06;0,999991226;0;0;17;2;2;1621;1773;3130;1;1;1/2023
2024;112;2;730;1,59E-05;0,999984078;0;0;9;2;2;1371;1677;2787;1;1;2/2024
2020;113;3;1339;0,004110058;0,995889942;0;0;40;2;2;212;1269;2382;1;1;3/2020
2021;114;4;1028;0,951055728;0,048944272;0;0;30;1;1;1801;1923;1424;1;1;4/2021
2022;115;5;1092;0,999984382;1,56E-05;0;0;11;1;1;468;571;737;1;1;5/2022
2023;116;6;1066;0,999982873;1,71E-05;0;0;5;1;1;53;1504;1044;1;1;6/2023
2024;117;7;837;0,999984034;1,60E-05;0;0;51;1;1;638;1831;594;1;1;7/2024
2020;119;8;1680;0,99932352;0,00067648;0;0;37;1;1;679;1231;1459;1;1;8/2020
2021;120;9;618;0,999979699;2,03E-05;0;0;6;1;1;1314;1688;1051;1;1;9/2021
2022;121;10;874;0,999984454;1,55E-05;0;0;8;1;1;442;1248;582;1;1;10/2022
2023;122;11;1742;0,0001657;0,9998343;0;0;49;2;2;1134;1469;1947;1;1;11/2023
2024;123;12;1263;0,999971732;2,83E-05;0;0;64;1;1;178;1883;1183;1;1;12/2024
2020;124;1;797;0,953780171;0,046219829;0;0;18;1;1;888;1466;2052;1;1;1/2020
2021;125;2;1661;0,999983663;1,63E-05;0;0;29;1;1;536;861;591;1;1;2/2021
2022;126;3;1483;0,999124108;0,000875892;0;0;19;1;1;361;1552;1587;1;1;3/2022
2023;127;4;1671;0,003112519;0,996887481;0;0;61;2;2;263;848;2336;1;1;4/2023
2024;128;5;1206;0,003459591;0,996540409;0;0;30;2;2;1581;1713;1825;1;1;5/2024
2020;129;6;1603;0,998856285;0,001143715;0;0;17;1;1;430;1207;1637;1;1;6/2020
2021;130;7;1831;3,52E-05;0,999964773;0;0;44;2;2;437;1113;2460;1;1;7/2021
2022;131;8;709;1,07E-05;0,999989345;0;0;11;2;2;119;1531;3568;1;1;8/2022
2023;132;9;1175;1,24E-05;0,999987631;0;0;25;2;2;137;1501;3153;1;1;9/2023
2024;133;10;1135;9,94E-06;0,99999006;0;0;43;2;2;690;1589;3204;1;1;10/2024
2020;134;11;1191;0,999984245;1,58E-05;0;0;46;1;1;42;807;824;1;1;11/2020
2021;135;12;1800;0,99998311;1,69E-05;0;0;53;1;1;191;1108;656;1;1;12/2021
2022;136;1;852;0,999984592;1,54E-05;0;0;8;1;1;683;1349;315;1;1;1/2022
2023;137;2;1571;0,999983408;1,66E-05;0;0;30;1;1;805;956;586;1;1;2/2023
2024;138;3;644;0,001554851;0,998445149;0;0;30;2;2;1140;1654;2382;1;1;3/2024
2020;140;4;1271;0,999983216;1,68E-05;0;0;54;1;1;613;650;990;1;1;4/2020
2021;141;5;1177;0,999984615;1,54E-05;0;0;29;1;1;178;882;311;1;1;5/2021
2022;142;6;714;0,393388544;0,606611456;1;100;30;2;1;643;1527;2302;0;0;6/2022
2023;143;7;713;0,999983618;1,64E-05;0;0;42;1;1;1048;1123;928;1;1;7/2023
2024;144;8;1157;9,49E-06;0,999990505;0;0;27;2;2;1694;1798;2885;1;1;8/2024
2020;145;9;1308;1,06E-05;0,999989406;0;0;61;2;2;59;1215;3355;1;1;9/2020
2021;146;10;1058;0,999984465;1,55E-05;0;0;19;1;1;493;1247;418;1;1;10/2021
2022;147;11;793;9,95E-06;0,999990046;0;0;38;2;2;1226;1815;3139;1;1;11/2022
2023;148;12;787;2,25E-05;0,99997747;0;0;11;2;2;806;1423;2934;1;1;12/2023
2024;149;1;1034;9,25E-06;0,999990751;0;0;37;2;2;707;1199;3625;1;1;1/2024
2020;150;2;574;3,06E-05;0,999969437;0;0;38;2;2;286;1171;3269;1;1;2/2020
2021;151;3;1607;0,999980031;2,00E-05;0;0;20;1;1;776;1005;885;1;1;3/2021
2022;152;4;1254;8,88E-06;0,999991116;0;0;50;2;2;462;1013;3959;1;1;4/2022
2023;153;5;1355;0,999982951;1,70E-05;0;0;23;1;1;651;891;880;1;1;5/2023
2024;154;6;1628;9,91E-06;0,999990089;0;0;33;2;2;412;643;3361;1;1;6/2024
2020;155;7;1583;9,08E-06;0,999990918;0;0;42;2;2;275;862;3652;1;1;7/2020
2021;156;8;1404;0,985120653;0,014879347;0;0;44;1;1;1703;1880;1196;1;1;8/2021
2022;157;9;1489;0,318295572;0,681704428;1;100;9;2;1;923;1759;1663;0;0;9/2022
2023;158;10;1572;9,03E-06;0,999990973;0;0;8;2;2;577;1237;3461;1;1;10/2023
2024;159;11;1765;8,76E-06;0,999991245;0;0;11;2;2;835;1175;3695;1;1;11/2024
2020;160;12;1266;0,0001298;0,9998702;0;0;7;2;2;346;1468;2532;1;1;12/2020
2021;161;1;1762;3,38E-05;0,999966199;0;0;15;2;2;1103;1364;2183;1;1;1/2021
2022;162;2;727;1,08E-05;0,999989168;0;0;64;2;2;664;711;3654;1;1;2/2022
2023;163;3;1576;0,999984419;1,56E-05;0;0;58;1;1;400;631;336;1;1;3/2023
2024;164;4;1433;0,999984529;1,55E-05;0;0;4;1;1;281;799;258;1;1;4/2024
2020;165;5;1356;8,72E-06;0,999991284;0;0;29;2;2;1612;1983;3702;1;1;5/2020
2021;166;6;1053;0,999977559;2,24E-05;0;0;42;1;1;419;1261;1339;1;1;6/2021
2022;167;7;831;0,999983744;1,63E-05;0;0;55;1;1;172;1239;1075;1;1;7/2022
2023;168;8;1550;0,015754727;0,984245273;0;0;21;2;2;268;832;2338;1;1;8/2023
2024;169;9;1646;8,73E-06;0,999991267;0;0;41;2;2;1725;1932;3339;1;1;9/2024
2020;170;10;1925;4,83E-05;0,999951724;0;0;16;2;2;983;1087;2173;1;1;10/2020
2021;171;11;1589;8,65E-06;0,999991349;0;0;26;2;2;1673;1759;3970;1;1;11/2021
2022;172;12;1225;8,83E-06;0,999991166;0;0;13;2;2;759;1404;3836;1;1;12/2022
2023;173;1;1868;1,06E-05;0,999989437;0;0;42;2;2;347;660;3131;1;1;1/2023
2024;174;2;627;0,991246973;0,008753027;0;0;12;1;1;447;819;2476;1;1;2/2024
2020;175;3;1035;8,98E-06;0,999991021;0;0;40;2;2;757;1912;3548;1;1;3/2020
2021;176;4;1531;0,000151517;0,999848483;0;0;60;2;2;625;765;2524;1;1;4/2021
2022;177;5;1656;1,76E-05;0,999982414;0;0;16;2;2;320;899;2856;1;1;5/2022
2023;178;6;1658;9,53E-06;0,999990468;0;0;39;2;2;410;522;3483;1;1;6/2023
2024;179;7;1148;1,81E-05;0,999981861;0;0;58;2;2;606;688;3127;1;1;7/2024
2020;180;8;1709;0,048297913;0,951702087;0;0;58;2;2;956;1292;1781;1;1;8/2020
2021;181;9;1564;0,068025853;0,931974147;1;100;25;2;1;1259;1965;1496;0;0;9/2021
2022;182;10;894;2,73E-05;0,999972745;0;0;58;2;2;158;747;3305;1;1;10/2022
2023;183;11;864;0,988206044;0,011793956;0;0;35;1;1;663;1805;1904;1;1;11/2023
2024;184;12;1265;0,999975989;2,40E-05;0;0;49;1;1;275;687;1518;1;1;12/2024
2020;185;1;1558;0,999980981;1,90E-05;0;0;32;1;1;322;1385;878;1;1;1/2020
2021;186;2;1339;0,99997998;2,00E-05;0;0;21;1;1;833;1441;867;1;1;2/2021
2022;187;3;1969;0,999984092;1,59E-05;0;0;7;1;1;332;764;315;1;1;3/2022
2023;188;4;1469;0,00383827;0,99616173;0;0;58;2;2;1699;1850;1571;1;1;4/2023
2024;189;5;989;0,000344927;0,999655073;0;0;24;2;2;614;679;2819;1;1;5/2024
2020;190;6;1527;0,096029928;0,903970072;0;0;60;2;2;526;1116;2078;1;1;6/2020
2021;191;7;1042;0,000502355;0,999497645;0;0;11;2;2;68;1018;2826;1;1;7/2021
2022;192;8;984;0,999984255;1,57E-05;0;0;9;1;1;531;707;841;1;1;8/2022
2023;193;9;1136;1,06E-05;0,99998936;0;0;32;2;2;961;1030;3210;1;1;9/2023
2024;194;10;946;0,999975833;2,42E-05;0;0;26;1;1;273;891;1637;1;1;10/2024
2020;195;11;1945;1,06E-05;0,999989386;0;0;21;2;2;280;895;3015;1;1;11/2020
2021;196;12;1856;0,009857834;0,990142166;0;0;24;2;2;277;1155;2052;1;1;12/2021
2022;197;1;1824;8,74E-06;0,99999126;0;0;2;2;2;50;1105;3958;1;1;1/2022
2023;198;2;1735;0,000990104;0,999009896;0;0;34;2;2;149;876;2392;1;1;2/2023
2024;199;3;1872;0,999634887;0,000365113;0;0;17;1;1;1749;1767;724;1;1;3/2024
2020;200;4;1182;0,004090664;0,995909336;0;0;8;2;2;275;986;2563;1;1;4/2020
2021;201;5;999;0,999983115;1,69E-05;0;0;27;1;1;20;745;1344;1;1;5/2021
2022;202;6;1425;0,999983217;1,68E-05;0;0;35;1;1;150;1897;590;1;1;6/2022
2023;203;7;501;0,998238637;0,001761363;0;0;54;1;1;504;1089;2346;1;1;7/2023
2024;204;8;1536;0,213014855;0,786985145;0;0;13;2;2;22;1634;2020;1;1;8/2024
2020;205;9;1156;0,957936013;0,042063987;0;0;61;1;1;1214;1262;1796;1;1;9/2020
2021;206;10;856;0,72239092;0,27760908;0;0;14;1;1;395;1027;2439;1;1;10/2021
2022;207;11;1341;0,959461942;0,040538058;0;0;36;1;1;473;574;2200;1;1;11/2022
2023;208;12;1189;0,999984308;1,57E-05;0;0;7;1;1;79;615;841;1;1;12/2023
2024;209;1;1203;0,999977284;2,27E-05;0;0;11;1;1;35;510;1672;1;1;1/2024
2020;210;2;1251;0,99998358;1,64E-05;0;0;29;1;1;308;591;1052;1;1;2/2020
2021;211;3;1892;1,45E-05;0,999985508;0;0;47;2;2;1399;1564;2172;1;1;3/2021
2022;212;4;1395;0,003406554;0,996593446;0;0;23;2;2;213;705;2571;1;1;4/2022
2023;213;5;1839;0,999968177;3,18E-05;0;0;54;1;1;475;1493;927;1;1;5/2023
2024;214;6;1280;0,836674748;0,163325252;0;0;39;1;1;356;588;2335;1;1;6/2024
2020;215;7;1421;1,16E-05;0,999988371;0;0;57;2;2;781;1657;2775;1;1;7/2020
2021;216;8;553;9,69E-06;0,99999031;0;0;18;2;2;1287;1892;3300;1;1;8/2021
2022;217;9;865;0,000687024;0,999312976;0;0;59;2;2;805;1804;2361;1;1;9/2022
2023;218;10;1303;2,87E-05;0,999971251;0;0;10;2;2;1335;1873;2219;1;1;10/2023
2024;219;11;1791;0,999983785;1,62E-05;0;0;33;1;1;371;682;594;1;1;11/2024
2020;220;12;1945;0,999961255;3,87E-05;0;0;57;1;1;743;1753;732;1;1;12/2020
2021;221;1;888;1,01E-05;0,999989852;0;0;33;2;2;327;1683;3407;1;1;1/2021
2022;222;2;1100;0,999983084;1,69E-05;0;0;15;1;1;919;1344;757;1;1;2/2022
2023;223;3;1647;6,95E-05;0,999930521;0;0;38;2;2;193;1185;2532;1;1;3/2023
2024;224;4;1546;9,16E-06;0,999990841;0;0;6;2;2;91;1317;3521;1;1;4/2024
2020;225;5;1653;8,69E-06;0,999991312;0;0;37;2;2;447;1785;3955;1;1;5/2020
2021;226;6;1277;9,17E-06;0,999990834;0;0;35;2;2;309;1460;3559;1;1;6/2021
2022;227;7;1685;0,999980576;1,94E-05;0;0;16;1;1;120;1429;881;1;1;7/2022
2023;228;8;902;9,52E-06;0,999990481;0;0;63;2;2;364;1360;3654;1;1;8/2023
2024;229;9;1796;8,75E-06;0,999991254;0;0;44;2;2;1024;1363;3577;1;1;9/2024
2020;230;10;1547;0,999862085;0,000137915;0;0;57;1;1;347;957;1620;1;1;10/2020
2021;231;11;1615;1,51E-05;0,99998493;0;0;9;2;2;542;678;2948;1;1;11/2021
2022;232;12;1968;1,90E-05;0,999980999;0;0;22;2;2;861;1259;2323;1;1;12/2022
2023;233;1;1447;0,999983066;1,69E-05;0;0;9;1;1;737;1455;568;1;1;1/2023
2024;234;2;987;9,06E-06;0,999990936;0;0;61;2;2;581;820;3963;1;1;2/2024
2020;235;3;1979;0,99997592;2,41E-05;0;0;19;1;1;1331;1532;411;1;1;3/2020
2021;236;4;790;6,51E-05;0,99993485;0;0;11;2;2;347;730;3169;1;1;4/2021
2022;237;5;1329;0,614064907;0,385935093;0;0;23;1;1;380;682;2308;1;1;5/2022
2023;238;6;767;0,00862065;0,99137935;0;0;10;2;2;517;1995;2317;1;1;6/2023
2024;239;7;640;0,000163197;0,999836803;0;0;6;2;2;976;1353;2711;1;1;7/2024
2020;240;8;1837;0,999980515;1,95E-05;0;0;36;1;1;786;872;770;1;1;8/2020
2021;241;9;757;2,16E-05;0,999978407;0;0;64;2;2;114;819;3433;1;1;9/2021
2022;243;10;822;9,36E-06;0,999990639;0;0;51;2;2;667;860;3846;1;1;10/2022
2023;244;11;1283;0,000502566;0,999497434;0;0;47;2;2;372;692;2698;1;1;11/2023
2024;245;12;951;0,999982658;1,73E-05;0;0;15;1;1;854;935;1083;1;1;12/2024
2020;246;1;911;0,422035903;0,577964097;1;100;28;2;1;157;763;2638;0;0;1/2020
2021;247;2;878;1,26E-05;0,999987397;0;0;31;2;2;575;618;3497;1;1;2/2021
2022;248;3;623;1,23E-05;0,999987671;0;0;15;2;2;778;844;3510;1;1;3/2022
2023;249;4;1550;0,030655348;0,969344652;0;0;32;2;2;1541;1619;1571;1;1;4/2023
2024;250;5;1179;0,999984493;1,55E-05;0;0;32;1;1;85;1451;340;1;1;5/2024
2020;251;6;704;0,999980116;1,99E-05;0;0;29;1;1;1108;1509;1122;1;1;6/2020
2021;252;7;935;0,021000722;0,978999278;0;0;58;2;2;639;1087;2473;1;1;7/2021
2022;253;8;984;0,999980908;1,91E-05;0;0;42;1;1;1036;1611;898;1;1;8/2022
2023;254;9;1084;0,999893106;0,000106894;0;0;40;1;1;322;771;1945;1;1;9/2023
2024;255;10;1163;0,999898631;0,000101369;0;0;2;1;1;919;1076;1568;1;1;10/2024
2020;256;11;1325;8,74E-06;0,999991261;0;0;13;2;2;1353;1915;3707;1;1;11/2020
2021;257;12;1715;0,999883204;0,000116796;0;0;15;1;1;114;1849;1249;1;1;12/2021
2022;258;1;719;0,999984348;1,57E-05;0;0;6;1;1;405;1141;841;1;1;1/2022
2023;259;2;1271;0,999967365;3,26E-05;0;0;2;1;1;1260;1788;892;1;1;2/2023
2024;260;3;875;0,99998427;1,57E-05;0;0;23;1;1;300;1316;756;1;1;3/2024
2020;262;4;1176;0,999872082;0,000127918;0;0;62;1;1;674;1455;1534;1;1;4/2020
2021;263;5;510;0,937417925;0,062582075;0;0;35;1;1;382;1228;2509;1;1;5/2021
2022;264;6;668;0,999983554;1,64E-05;0;0;48;1;1;195;1292;1201;1;1;6/2022
2023;265;7;765;0,013674883;0,986325117;0;0;47;2;2;1277;1429;2243;1;1;7/2023
2024;266;8;1936;1,61E-05;0,999983869;0;0;46;2;2;667;1036;2552;1;1;8/2024
2020;267;9;737;2,35E-05;0,999976548;0;0;49;2;2;781;1463;2951;1;1;9/2020
2021;268;10;947;1,87E-05;0,9999813;0;0;22;2;2;1176;1220;2842;1;1;10/2021
2022;269;11;1426;0,991134659;0,008865341;0;0;12;1;1;1573;1694;1277;1;1;11/2022
2023;270;12;1449;0,999565039;0,000434961;0;0;10;1;1;1518;1883;1032;1;1;12/2023
2024;271;1;606;0,999983448;1,66E-05;0;0;53;1;1;465;1152;1223;1;1;1/2024
2020;272;2;1074;0,995840359;0,004159641;0;0;9;1;1;946;952;1948;1;1;2/2020
2021;273;3;1379;9,21E-06;0,999990792;0;0;36;2;2;538;1376;3426;1;1;3/2021
2022;274;4;1433;8,69E-06;0,999991308;0;0;27;2;2;1619;1651;3900;1;1;4/2022
2023;275;5;557;0,987470057;0,012529943;0;0;17;1;1;322;710;2623;1;1;5/2023
2024;276;6;1907;0,999982986;1,70E-05;0;0;55;1;1;713;1513;286;1;1;6/2024
2020;277;7;1673;9,16E-06;0,999990841;0;0;9;2;2;65;734;3669;1;1;7/2020
2021;278;8;1763;0,999975739;2,43E-05;0;0;10;1;1;238;1893;792;1;1;8/2021
2022;279;9;969;0,999984676;1,53E-05;0;0;45;1;1;491;589;404;1;1;9/2022
2023;280;10;764;0,00020588;0,99979412;0;0;13;2;2;361;511;3148;1;1;10/2023
2024;281;11;848;0,999984649;1,54E-05;0;0;8;1;1;7;1294;436;1;1;11/2024
2020;282;12;1608;0,999983051;1,69E-05;0;0;28;1;1;1013;1158;489;1;1;12/2020
2021;283;1;819;0,999983927;1,61E-05;0;0;11;1;1;438;822;1094;1;1;1/2021
2022;284;2;1702;0,999982759;1,72E-05;0;0;2;1;1;921;1351;435;1;1;2/2022
2023;285;3;1062;0,999980266;1,97E-05;0;0;39;1;1;571;817;1345;1;1;3/2023
2024;286;4;563;7,36E-05;0,999926399;0;0;41;2;2;1263;1716;2603;1;1;4/2024
2020;287;5;1992;9,17E-06;0,99999083;0;0;2;2;2;649;895;3206;1;1;5/2020
2021;288;6;1444;0,999979524;2,05E-05;0;0;6;1;1;1274;1340;712;1;1;6/2021
2022;289;7;614;5,64E-05;0,999943552;0;0;58;2;2;22;519;3487;1;1;7/2022
2023;290;8;783;0,820687569;0,179312431;0;0;43;1;1;1198;1471;2016;1;1;8/2023
2024;291;9;518;7,44E-05;0,9999256;0;0;3;2;2;437;1947;2832;1;1;9/2024
2020;292;10;1673;1,33E-05;0,99998672;0;0;42;2;2;214;679;3094;1;1;10/2020
2021;293;11;832;8,96E-06;0,999991042;0;0;5;2;2;9;1944;3946;1;1;11/2021
2022;294;12;1837;1,25E-05;0,999987488;0;0;12;2;2;1420;1539;2294;1;1;12/2022
2023;295;1;598;1,62E-05;0,999983793;0;0;21;2;2;680;1173;3293;1;1;1/2023
2024;296;2;618;0,063779945;0,936220055;0;0;16;2;2;1105;1602;2262;1;1;2/2024
2020;297;3;879;8,80E-05;0,999911981;0;0;21;2;2;463;1038;2927;1;1;3/2020
2021;298;4;973;1,39E-05;0,999986083;0;0;57;2;2;457;1816;2977;1;1;4/2021
2022;299;5;1944;0,000461953;0,999538047;0;0;26;2;2;313;712;2322;1;1;5/2022
2023;300;6;1722;8,86E-06;0,999991137;0;0;18;2;2;865;1741;3271;1;1;6/2023
2024;301;7;1289;0,99998139;1,86E-05;0;0;25;1;1;765;899;1043;1;1;7/2024
2020;302;8;839;9,09E-06;0,999990914;0;0;14;2;2;564;1391;3835;1;1;8/2020
2021;303;9;1975;9,00E-06;0,999990996;0;0;31;2;2;775;1607;3022;1;1;9/2021
2022;304;10;601;0,000110842;0,999889158;0;0;6;2;2;818;1827;2651;1;1;10/2022
2023;305;11;1759;0,004878048;0,995121952;0;0;15;2;2;382;1163;2107;1;1;11/2023
2024;306;12;919;0,999984248;1,58E-05;0;0;13;1;1;275;570;1028;1;1;12/2024
2020;307;1;1174;0,999984199;1,58E-05;0;0;25;1;1;1097;1461;285;1;1;1/2020
2021;308;2;970;8,81E-06;0,999991194;0;0;59;2;2;1765;1786;3675;1;1;2/2021
2022;309;3;911;1,03E-05;0,999989655;0;0;14;2;2;1563;1692;2933;1;1;3/2022
2023;310;4;1980;8,65E-06;0,999991352;0;0;29;2;2;312;1910;3865;1;1;4/2023
2024;311;5;644;0,999983819;1,62E-05;0;0;22;1;1;311;881;1262;1;1;5/2024
2020;312;6;825;1,06E-05;0,999989387;0;0;34;2;2;1471;1866;2915;1;1;6/2020
2021;313;7;1063;8,87E-06;0,999991131;0;0;26;2;2;1208;1232;3809;1;1;7/2021
2022;314;8;1279;0,99997092;2,91E-05;0;0;7;1;1;560;1633;1150;1;1;8/2022
2023;315;9;958;0,999979413;2,06E-05;0;0;60;1;1;730;751;1417;1;1;9/2023
2024;316;10;688;9,11E-06;0,999990888;0;0;57;2;2;426;1964;3745;1;1;10/2024
2020;317;11;1991;0,001464932;0,998535068;0;0;64;2;2;1058;1325;1733;1;1;11/2020
2021;318;12;1936;0,999536967;0,000463033;0;0;44;1;1;570;1021;1400;1;1;12/2021
2022;319;1;635;0,999934132;6,59E-05;0;0;50;1;1;193;989;2107;1;1;1/2022
2023;320;2;1068;0,99990327;9,67E-05;0;0;52;1;1;994;1500;1436;1;1;2/2023
2024;321;3;1663;0,000247788;0,999752212;0;0;27;2;2;831;1439;2084;1;1;3/2024
2020;322;4;868;0,999975033;2,50E-05;0;0;30;1;1;276;1026;1653;1;1;4/2020
2021;324;5;1616;0,999983652;1,63E-05;0;0;52;1;1;151;1133;657;1;1;5/2021
2022;325;6;851;0,999983503;1,65E-05;0;0;54;1;1;788;1007;1005;1;1;6/2022
2023;326;7;1472;0,99986452;0,00013548;0;0;36;1;1;1452;1744;985;1;1;7/2023
2024;327;8;1321;0,999945103;5,49E-05;0;0;63;1;1;817;941;1464;1;1;8/2024
2020;328;9;1773;8,73E-06;0,99999127;0;0;32;2;2;1215;1472;3566;1;1;9/2020
2021;329;10;1821;2,24E-05;0,999977594;0;0;12;2;2;97;1803;2430;1;1;10/2021
2022;330;11;1001;8,90E-06;0,999991096;0;0;40;2;2;922;1836;3654;1;1;11/2022
2023;331;12;1754;1,01E-05;0,999989851;0;0;52;2;2;199;1452;3019;1;1;12/2023
2024;332;1;948;9,72E-06;0,999990285;0;0;22;2;2;257;1654;3499;1;1;1/2024
2020;333;2;1619;0,99998346;1,65E-05;0;0;20;1;1;813;1180;464;1;1;2/2020
2021;334;3;1689;5,40E-05;0,999945981;0;0;9;2;2;467;675;2637;1;1;3/2021
2022;335;4;603;0,999982368;1,76E-05;0;0;64;1;1;1842;1968;604;1;1;4/2022
2023;336;5;1762;0,999920927;7,91E-05;0;0;60;1;1;643;790;1380;1;1;5/2023
2024;337;6;598;0,003398549;0,996601451;0;0;62;2;2;118;764;3066;1;1;6/2024
2020;338;7;1730;0,999410791;0,000589209;0;0;20;1;1;418;1023;1595;1;1;7/2020
2021;339;8;1271;0,999981608;1,84E-05;0;0;32;1;1;1350;1949;445;1;1;8/2021
2022;340;9;1788;1,81E-05;0,999981946;0;0;2;2;2;472;1073;2655;1;1;9/2022
2023;341;10;1617;2,29E-05;0,999977068;0;0;63;2;2;274;1079;2754;1;1;10/2023
2024;342;11;1956;0,999975924;2,41E-05;0;0;37;1;1;185;776;1109;1;1;11/2024
2020;343;12;1872;6,76E-05;0,99993243;0;0;26;2;2;672;1088;2273;1;1;12/2020
2021;344;1;1207;0,999984502;1,55E-05;0;0;58;1;1;406;681;503;1;1;1/2021
2022;345;2;1144;1,96E-05;0,999980386;0;0;21;2;2;159;724;3252;1;1;2/2022
2023;346;3;1272;0,804359173;0,195640827;0;0;22;1;1;605;669;2235;1;1;3/2023
2024;347;4;1384;0,999956093;4,39E-05;0;0;60;1;1;983;1210;1221;1;1;4/2024
2020;348;5;1933;0,999976331;2,37E-05;0;0;16;1;1;229;1473;838;1;1;5/2020
2021;349;6;530;0,999984544;1,55E-05;0;0;32;1;1;48;1012;959;1;1;6/2021
2022;350;7;1201;0,99998456;1,54E-05;0;0;10;1;1;306;558;495;1;1;7/2022
2023;351;8;1510;0,999982833;1,72E-05;0;0;47;1;1;118;1170;887;1;1;8/2023
2024;352;9;553;0,99998411;1,59E-05;0;0;8;1;1;325;902;1204;1;1;9/2024
2020;353;10;1270;8,92E-06;0,99999108;0;0;58;2;2;1512;1716;3299;1;1;10/2020
2021;354;11;605;0,999984788;1,52E-05;0;0;9;1;1;160;1026;392;1;1;11/2021
2022;355;12;1524;0,999107104;0,000892896;0;0;41;1;1;184;740;1936;1;1;12/2022
2023;356;1;1317;0,999984526;1,55E-05;0;0;12;1;1;431;542;425;1;1;1/2023
2024;357;2;1526;0,017163034;0,982836966;0;0;23;2;2;718;751;2227;1;1;2/2024
2020;358;3;675;0,000561495;0,999438505;0;0;42;2;2;482;874;2953;1;1;3/2020
2021;359;4;1519;1,57E-05;0,999984285;0;0;32;2;2;168;1239;2912;1;1;4/2021
2022;360;5;1170;0,999984287;1,57E-05;0;0;14;1;1;474;709;715;1;1;5/2022
2023;361;6;1000;0,999984169;1,58E-05;0;0;58;1;1;461;833;862;1;1;6/2023
2024;362;7;603;0,999969908;3,01E-05;0;0;12;1;1;1003;1284;1543;1;1;7/2024
2020;363;8;1807;0,994247126;0,005752874;0;0;38;1;1;1332;1814;1069;1;1;8/2020
2021;364;9;626;0,999982087;1,79E-05;0;0;11;1;1;737;1759;1077;1;1;9/2021
2022;365;10;1134;1,03E-05;0,999989674;0;0;13;2;2;18;903;3632;1;1;10/2022
2023;366;11;1065;3,57E-05;0,999964296;0;0;14;2;2;188;928;3078;1;1;11/2023
2024;367;12;1592;0,893194672;0,106805328;0;0;50;1;1;510;522;2103;1;1;12/2024
2020;368;1;1694;0,029340894;0,970659106;0;0;34;2;2;377;549;2298;1;1;1/2020
2021;369;2;1456;8,71E-06;0,999991294;0;0;39;2;2;815;1666;3998;1;1;2/2021
2022;370;3;1488;9,02E-06;0,999990975;0;0;39;2;2;1528;1647;3054;1;1;3/2022
2023;371;4;1786;1,14E-05;0,999988584;0;0;58;2;2;231;1671;2764;1;1;4/2023
2024;372;5;911;0,999984709;1,53E-05;0;0;46;1;1;461;670;363;1;1;5/2024
2020;373;6;1497;9,13E-06;0,999990867;0;0;10;2;2;98;977;3696;1;1;6/2020
2021;374;7;625;6,78E-05;0,999932155;0;0;42;2;2;203;1771;2929;1;1;7/2021
2022;375;8;1416;8,73E-06;0,999991274;0;0;20;2;2;1175;1578;3872;1;1;8/2022
2023;376;9;1520;8,93E-06;0,99999107;0;0;33;2;2;151;1005;3826;1;1;9/2023
2024;377;10;909;0,999978983;2,10E-05;0;0;47;1;1;410;1643;1244;1;1;10/2024
2020;378;11;798;0,000451506;0,999548494;0;0;4;2;2;526;643;2965;1;1;11/2020
2021;379;12;1849;8,74E-06;0,999991256;0;0;29;2;2;978;1986;3330;1;1;12/2021
2022;380;1;994;3,84E-05;0,999961627;0;0;40;2;2;296;839;3104;1;1;1/2022
2023;381;2;695;0,907855717;0,092144283;0;0;41;1;1;789;1211;2282;1;1;2/2023
2024;382;3;1986;0,931626019;0,068373981;0;0;51;1;1;282;1358;1614;1;1;3/2024
2020;383;4;1349;0,699281261;0,300718739;0;0;46;1;1;212;623;2367;1;1;4/2020
2021;384;5;1572;1,18E-05;0,999988247;0;0;58;2;2;1109;1937;2462;1;1;5/2021
2022;385;6;1202;0,999983698;1,63E-05;0;0;19;1;1;404;1742;595;1;1;6/2022
2023;386;7;1197;1,69E-05;0,999983123;0;0;20;2;2;214;1710;2885;1;1;7/2023
2024;387;8;930;0,935093975;0,064906025;0;0;4;1;1;1017;1289;2016;1;1;8/2024
2020;388;9;823;8,90E-06;0,999991102;0;0;18;2;2;1180;1350;3894;1;1;9/2020
2021;389;10;723;9,71E-05;0,999902929;0;0;30;2;2;1467;1901;2339;1;1;10/2021
2022;390;11;1822;5,32E-05;0,999946844;0;0;8;2;2;172;910;2577;1;1;11/2022
2023;391;12;577;0,999983883;1,61E-05;0;0;37;1;1;1087;1450;814;1;1;12/2023
2024;392;1;1779;0,963911949;0,036088051;0;0;5;1;1;1225;1717;1246;1;1;1/2024
2020;393;2;808;0,999984376;1,56E-05;0;0;46;1;1;119;529;1082;1;1;2/2020
2021;394;3;1503;0,001236364;0,998763636;0;0;43;2;2;841;1304;2122;1;1;3/2021
2022;395;4;763;0,000309202;0,999690798;0;0;51;2;2;273;1278;2865;1;1;4/2022
2023;396;5;667;1,43E-05;0,99998571;0;0;6;2;2;272;870;3566;1;1;5/2023
2024;397;6;1922;8,70E-06;0,999991303;0;0;42;2;2;725;1882;3564;1;1;6/2024
2020;398;7;1264;0,999984449;1,56E-05;0;0;34;1;1;562;849;419;1;1;7/2020
2021;399;8;1884;8,88E-06;0,999991121;0;0;43;2;2;451;819;3619;1;1;8/2021
2022;400;9;1273;0,999860448;0,000139552;0;0;48;1;1;490;886;1767;1;1;9/2022
2023;401;10;1362;0,999978443;2,16E-05;0;0;25;1;1;553;1505;995;1;1;10/2023
2024;402;11;1476;0,07577138;0,92422862;0;0;55;2;2;1641;1666;1529;1;1;11/2024
2020;403;12;846;0,000310231;0,999689769;0;0;58;2;2;1140;1983;2248;1;1;12/2020
2021;404;1;1778;8,67E-06;0,999991332;0;0;23;2;2;1028;1445;3941;1;1;1/2021
2022;405;2;1674;3,22E-05;0,99996776;0;0;52;2;2;1432;1649;2030;1;1;2/2022
2023;406;3;1438;0,999977719;2,23E-05;0;0;32;1;1;683;1663;869;1;1;3/2023
2024;407;4;1697;0,999984157;1,58E-05;0;0;60;1;1;88;1046;441;1;1;4/2024
2020;408;5;714;0,999944237;5,58E-05;0;0;11;1;1;1750;1857;1164;1;1;5/2020
2021;409;6;618;0,936271558;0,063728442;0;0;57;1;1;879;896;2399;1;1;6/2021
2022;410;7;1189;0,99998377;1,62E-05;0;0;8;1;1;379;932;893;1;1;7/2022
2023;411;8;1163;0,000201255;0,999798745;0;0;49;2;2;520;754;2768;1;1;8/2023
2024;412;9;1216;1,46E-05;0,99998539;0;0;47;2;2;1852;1967;2268;1;1;9/2024
2020;413;10;1581;0,999946322;5,37E-05;0;0;41;1;1;693;850;1384;1;1;10/2020
2021;414;11;1927;9,59E-06;0,999990414;0;0;11;2;2;491;1506;2916;1;1;11/2021
2022;415;12;623;0,999966328;3,37E-05;0;0;26;1;1;484;1238;1769;1;1;12/2022
2023;416;1;1510;8,85E-06;0,999991145;0;0;45;2;2;708;1752;3484;1;1;1/2023
2024;417;2;600;1,37E-05;0,999986332;0;0;6;2;2;486;1032;3495;1;1;2/2024
2020;418;3;589;0,999984563;1,54E-05;0;0;59;1;1;759;1858;362;1;1;3/2020
2021;419;4;1283;8,71E-06;0,999991288;0;0;27;2;2;1135;1923;3957;1;1;4/2021
2022;420;5;1994;0,039491944;0,960508056;0;0;5;2;2;86;1546;1836;1;1;5/2022
2023;421;6;1809;0,00028475;0,99971525;0;0;59;2;2;639;721;2324;1;1;6/2023
2024;422;7;1766;9,20E-06;0,999990797;0;0;22;2;2;291;1318;3297;1;1;7/2024
2020;423;8;1414;9,06E-06;0,999990938;0;0;54;2;2;262;829;3799;1;1;8/2020
2021;424;9;1988;1,04E-05;0,999989622;0;0;16;2;2;153;696;3144;1;1;9/2021
2022;425;10;1350;0,904353317;0,095646683;0;0;50;1;1;369;544;2287;1;1;10/2022
2023;426;11;1869;0,999949794;5,02E-05;0;0;30;1;1;163;874;1375;1;1;11/2023
2024;427;12;826;0,007664266;0,992335734;0;0;58;2;2;179;786;2863;1;1;12/2024
2020;428;1;1504;1,01E-05;0,999989853;0;0;64;2;2;19;1923;3059;1;1;1/2020
2021;429;2;1802;0,999983699;1,63E-05;0;0;10;1;1;253;590;696;1;1;2/2021
2022;430;3;811;0,997870534;0,002129466;0;0;2;1;1;333;1429;2111;1;1;3/2022
2023;431;4;586;0,99993961;6,04E-05;0;0;42;1;1;785;1118;1869;1;1;4/2023
2024;432;5;1944;0,999954956;4,50E-05;0;0;36;1;1;1060;1970;584;1;1;5/2024
2020;433;6;1530;0,999979231;2,08E-05;0;0;42;1;1;454;1975;725;1;1;6/2020
2021;434;7;831;0,999976892;2,31E-05;0;0;26;1;1;511;621;1704;1;1;7/2021
2022;435;8;732;9,05E-06;0,99999095;0;0;39;2;2;1163;1554;3681;1;1;8/2022
2023;436;9;1676;8,40E-05;0,999915966;0;0;37;2;2;134;1197;2515;1;1;9/2023
2024;437;10;1158;0,999880109;0,000119891;0;0;29;1;1;311;1796;1542;1;1;10/2024
2020;438;11;1362;9,08E-06;0,999990923;0;0;47;2;2;600;1042;3629;1;1;11/2020
2021;439;12;1122;0,979624808;0,020375192;0;0;28;1;1;1578;1963;1402;1;1;12/2021
2022;440;1;1813;0,999980926;1,91E-05;0;0;5;1;1;338;1306;759;1;1;1/2022
2023;441;2;990;1,29E-05;0,999987054;0;0;15;2;2;1466;1717;2698;1;1;2/2023
2024;442;3;1841;0,000468268;0,999531732;0;0;14;2;2;593;672;2304;1;1;3/2024
2020;443;4;1485;1,04E-05;0,999989565;0;0;28;2;2;371;1023;3241;1;1;4/2020
2021;444;5;825;0,999984509;1,55E-05;0;0;38;1;1;540;783;716;1;1;5/2021
2022;445;6;1464;8,76E-06;0,999991238;0;0;12;2;2;854;1168;3927;1;1;6/2022
2023;446;7;1642;0,072872696;0,927127304;0;0;5;2;2;1686;1889;1333;1;1;7/2023
2024;447;8;1470;0,00036678;0,99963322;0;0;33;2;2;1790;1988;1633;1;1;8/2024
2020;448;9;1461;8,75E-06;0,999991248;0;0;40;2;2;1265;1298;3799;1;1;9/2020
2021;449;10;1540;0,999979954;2,00E-05;0;0;29;1;1;318;831;1161;1;1;10/2021
2022;450;11;1695;0,99894333;0,00105667;0;0;47;1;1;308;1208;1629;1;1;11/2022
2023;451;12;1312;0,999896599;0,000103401;0;0;28;1;1;1233;1854;1087;1;1;12/2023
2024;452;1;1763;0,756866661;0,243133339;0;0;53;1;1;138;806;2066;1;1;1/2024
2020;453;2;730;0,999983248;1,68E-05;0;0;4;1;1;302;1247;1210;1;1;2/2020
2021;454;3;1154;0,999981451;1,85E-05;0;0;49;1;1;541;1499;978;1;1;3/2021
2022;455;4;909;0,999984604;1,54E-05;0;0;30;1;1;290;773;594;1;1;4/2022
2023;456;5;805;9,01E-06;0,999990988;0;0;34;2;2;1262;1538;3647;1;1;5/2023
2024;457;6;1199;8,98E-06;0,999991022;0;0;16;2;2;1168;1552;3448;1;1;6/2024
2020;459;7;1412;0,999927229;7,28E-05;0;0;57;1;1;2;660;1853;1;1;7/2020
2021;460;8;1263;1,18E-05;0,999988224;0;0;32;2;2;409;644;3372;1;1;8/2021
2022;461;9;1632;1,30E-05;0,999987024;0;0;41;2;2;706;1623;2614;1;1;9/2022
2023;462;10;989;0,999969301;3,07E-05;0;0;55;1;1;46;1069;1737;1;1;10/2023
2024;463;11;1949;0,999970409;2,96E-05;0;0;31;1;1;837;1182;832;1;1;11/2024
2020;464;12;1972;0,999923026;7,70E-05;0;0;14;1;1;293;952;1316;1;1;12/2020
2021;465;1;1062;0,99998214;1,79E-05;0;0;45;1;1;798;1435;911;1;1;1/2021
2022;466;2;513;0,999983431;1,66E-05;0;0;44;1;1;619;867;1343;1;1;2/2022
2023;467;3;1426;0,999945714;5,43E-05;0;0;42;1;1;715;1163;1356;1;1;3/2023
2024;468;4;508;0,999984803;1,52E-05;0;0;42;1;1;39;557;663;1;1;4/2024
2020;469;5;633;0,999969446;3,06E-05;0;0;46;1;1;709;1915;1401;1;1;5/2020
2021;470;6;1172;0,999963734;3,63E-05;0;0;27;1;1;607;1092;1477;1;1;6/2021
2022;471;7;1333;9,42E-06;0,999990578;0;0;59;2;2;394;1301;3442;1;1;7/2022
2023;472;8;793;0,899782958;0,100217042;0;0;64;1;1;818;1006;2296;1;1;8/2023
2024;473;9;1949;0,999982667;1,73E-05;0;0;57;1;1;951;1178;356;1;1;9/2024
2020;474;10;1824;1,21E-05;0,999987855;0;0;19;2;2;1055;1738;2381;1;1;10/2020
2021;475;11;991;0,027458665;0,972541335;0;0;12;2;2;1209;1678;2014;1;1;11/2021
2022;476;12;1109;0,001319193;0,998680807;0;0;57;2;2;124;833;2785;1;1;12/2022
2023;477;1;864;0,999984537;1,55E-05;0;0;53;1;1;262;1436;493;1;1;1/2023
2024;478;2;1066;0,999983683;1,63E-05;0;0;7;1;1;1242;1571;468;1;1;2/2024
2020;479;3;1996;0,999183372;0,000816628;0;0;7;1;1;937;1083;1258;1;1;3/2020
2021;480;4;1057;0,999585843;0,000414157;0;0;41;1;1;397;891;2033;1;1;4/2021
2022;481;5;676;0,999523829;0,000476171;0;0;39;1;1;864;1011;2064;1;1;5/2022
2023;482;6;1225;0,978079212;0,021920788;0;0;15;1;1;840;982;1970;1;1;6/2023
2024;483;7;1696;0,999984148;1,59E-05;0;0;13;1;1;179;772;523;1;1;7/2024
2020;484;8;1983;8,69E-06;0,999991309;0;0;27;2;2;370;1197;3897;1;1;8/2020
2021;485;9;848;0,999882612;0,000117388;0;0;36;1;1;56;527;2289;1;1;9/2021
2022;486;10;592;0,999982366;1,76E-05;0;0;52;1;1;332;970;1507;1;1;10/2022
2023;487;11;1855;8,72E-06;0,999991281;0;0;32;2;2;267;1161;3933;1;1;11/2023
2024;488;12;753;1,05E-05;0,999989511;0;0;48;2;2;606;1316;3484;1;1;12/2024
2020;489;1;885;0,99997993;2,01E-05;0;0;15;1;1;769;802;1410;1;1;1/2020
2021;490;2;1602;0,999980911;1,91E-05;0;0;38;1;1;466;788;1037;1;1;2/2021
2022;491;3;1872;9,70E-06;0,999990298;0;0;35;2;2;1546;1879;2419;1;1;3/2022
2023;492;4;1872;0,008645698;0,991354302;0;0;44;2;2;459;1259;1955;1;1;4/2023
2024;493;5;1142;0,999984291;1,57E-05;0;0;6;1;1;534;855;663;1;1;5/2024
2020;494;6;983;0,999967385;3,26E-05;0;0;53;1;1;1001;1176;1389;1;1;6/2020
2021;495;7;1804;8,79E-06;0,999991215;0;0;22;2;2;1158;1244;3472;1;1;7/2021
2022;496;8;593;0,999914695;8,53E-05;0;0;31;1;1;1233;1317;1692;1;1;8/2022
2023;497;9;796;0,999984383;1,56E-05;0;0;12;1;1;174;518;1075;1;1;9/2023
2024;498;10;1010;0,002107215;0,997892785;0;0;8;2;2;547;957;2625;1;1;10/2024
2020;499;11;1731;8,66E-06;0,999991339;0;0;4;2;2;809;1988;3892;1;1;11/2020
2021;500;12;1945;8,77E-06;0,99999123;0;0;26;2;2;1064;1540;3322;1;1;12/2021
2022;501;1;936;0,999168438;0,000831562;0;0;57;1;1;657;938;2049;1;1;1/2022
2023;502;2;781;1,01E-05;0,999989949;0;0;38;2;2;304;1674;3508;1;1;2/2023
2024;503;3;1225;0,000316085;0,999683915;0;0;2;2;2;217;1101;2675;1;1;3/2024
2020;504;4;1982;0,988602774;0,011397226;0;0;12;1;1;287;593;1824;1;1;4/2020
2021;505;5;984;0,986822413;0,013177587;0;0;39;1;1;56;1931;2013;1;1;5/2021
2022;507;6;1190;0,999982086;1,79E-05;0;0;47;1;1;1417;1441;624;1;1;6/2022
2023;508;7;1143;0,999933379;6,66E-05;0;0;22;1;1;1116;1724;1214;1;1;7/2023
2024;509;8;1872;5,38E-05;0,999946214;0;0;16;2;2;286;1484;2295;1;1;8/2024
2020;510;9;1068;0,999982777;1,72E-05;0;0;19;1;1;322;875;1209;1;1;9/2020
2021;511;10;1688;8,74E-06;0,999991256;0;0;21;2;2;650;864;3984;1;1;10/2021
2022;512;11;1567;6,43E-05;0,99993566;0;0;22;2;2;545;1621;2312;1;1;11/2022
2023;513;12;733;0,00094444;0,99905556;0;0;16;2;2;202;1787;2648;1;1;12/2023
2024;514;1;1851;0,999973976;2,60E-05;0;0;12;1;1;293;1967;735;1;1;1/2024
2020;515;2;1002;0,999984302;1,57E-05;0;0;11;1;1;285;512;961;1;1;2/2020
2021;516;3;648;0,999983349;1,67E-05;0;0;60;1;1;931;1811;819;1;1;3/2021
2022;517;4;1278;9,10E-06;0,999990898;0;0;24;2;2;1352;1775;3141;1;1;4/2022
2023;518;5;1982;8,70E-06;0,999991303;0;0;24;2;2;764;1873;3511;1;1;5/2023
2024;519;6;1314;1,35E-05;0,99998645;0;0;5;2;2;82;512;3411;1;1;6/2024
2020;520;7;1638;0,037217747;0,962782253;0;0;2;2;2;440;563;2299;1;1;7/2020
2021;521;8;645;0,01792758;0,98207242;0;0;41;2;2;327;580;2962;1;1;8/2021
2022;522;9;513;5,33E-05;0,999946727;0;0;27;2;2;282;710;3400;1;1;9/2022
2023;523;10;625;2,21E-05;0,999977883;0;0;10;2;2;635;842;3323;1;1;10/2023
2024;524;11;959;1,08E-05;0,999989207;0;0;36;2;2;1313;1331;3073;1;1;11/2024
2020;525;12;511;1,26E-05;0,999987422;0;0;52;2;2;24;759;3865;1;1;12/2020
2021;526;1;1602;0,992673474;0,007326526;0;0;46;1;1;273;1062;1862;1;1;1/2021
2022;527;2;1193;0,999983558;1,64E-05;0;0;26;1;1;730;1729;536;1;1;2/2022
2023;528;3;1174;0,999983163;1,68E-05;0;0;30;1;1;744;1244;804;1;1;3/2023
2024;529;4;895;1,83E-05;0,999981699;0;0;16;2;2;126;1575;3122;1;1;4/2024
2020;530;5;576;9,75E-05;0,999902464;0;0;10;2;2;513;1438;2938;1;1;5/2020
2021;531;6;563;0,018597198;0,981402802;0;0;47;2;2;211;684;3012;1;1;6/2021
2022;532;7;1811;1,86E-05;0,999981358;0;0;22;2;2;358;614;2847;1;1;7/2022
2023;533;8;1689;0,999976853;2,31E-05;0;0;13;1;1;521;674;1172;1;1;8/2023
2024;534;9;1268;0,999983509;1,65E-05;0;0;42;1;1;360;912;931;1;1;9/2024
2020;535;10;501;5,33E-05;0,999946704;0;0;22;2;2;239;1636;3077;1;1;10/2020
2021;536;11;1895;0,999975026;2,50E-05;0;0;5;1;1;725;1335;774;1;1;11/2021
2022;537;12;1973;0,999981865;1,81E-05;0;0;46;1;1;699;851;639;1;1;12/2022
2023;538;1;1681;0,000172812;0,999827188;0;0;18;2;2;850;1005;2265;1;1;1/2023
2024;539;2;1068;0,996252516;0,003747484;0;0;45;1;1;935;1499;1754;1;1;2/2024
2020;540;3;924;0,999947788;5,22E-05;0;0;47;1;1;108;1813;1620;1;1;3/2020
2021;541;4;1878;0,999940148;5,99E-05;0;0;29;1;1;210;1026;1334;1;1;4/2021
2022;542;5;612;1,01E-05;0,999989925;0;0;16;2;2;1360;1891;3161;1;1;5/2022
2023;543;6;916;0,999980926;1,91E-05;0;0;36;1;1;188;992;1470;1;1;6/2023
2024;544;7;1325;0,276875152;0,723124848;0;0;50;2;2;499;695;2328;1;1;7/2024
2020;545;8;1777;0,999599199;0,000400801;0;0;15;1;1;553;874;1552;1;1;8/2020
2021;546;9;1923;1,39E-05;0,999986108;0;0;24;2;2;874;1264;2479;1;1;9/2021
2022;547;10;1595;8,69E-06;0,999991315;0;0;44;2;2;1024;1838;3881;1;1;10/2022
2023;548;11;1524;0,999982534;1,75E-05;0;0;57;1;1;629;635;947;1;1;11/2023
2024;549;12;539;8,92E-06;0,999991081;0;0;26;2;2;1123;1709;3948;1;1;12/2024
2020;550;1;1671;0,999981335;1,87E-05;0;0;5;1;1;398;1263;815;1;1;1/2020
2021;551;2;1923;0,215964728;0,784035272;1;100;46;2;1;767;1759;1489;0;0;2/2021
2022;552;3;1201;0,999980348;1,97E-05;0;0;10;1;1;1151;1723;726;1;1;3/2022
2023;553;4;532;0,999984185;1,58E-05;0;0;8;1;1;1213;1354;728;1;1;4/2023
2024;554;5;1821;0,970846743;0,029153257;0;0;44;1;1;1208;1212;1411;1;1;5/2024
2020;555;6;926;0,999984766;1,52E-05;0;0;59;1;1;84;793;256;1;1;6/2020
2021;556;7;1848;8,83E-06;0,999991171;0;0;42;2;2;154;605;3902;1;1;7/2021
2022;557;8;802;8,93E-06;0,999991069;0;0;45;2;2;1299;1633;3713;1;1;8/2022
2023;558;9;564;0,999980736;1,93E-05;0;0;51;1;1;912;1980;1074;1;1;9/2023
2024;559;10;705;0,999958968;4,10E-05;0;0;57;1;1;1114;1374;1509;1;1;10/2024
2020;560;11;1692;0,979587214;0,020412786;0;0;46;1;1;674;1925;1394;1;1;11/2020
2021;561;12;816;8,87E-06;0,999991132;0;0;9;2;2;1196;1651;3851;1;1;12/2021
2022;562;1;1588;8,93E-06;0,999991073;0;0;61;2;2;1064;1594;3272;1;1;1/2022
2023;563;2;1354;0,985619967;0,014380033;0;0;26;1;1;297;918;2090;1;1;2/2023
2024;564;3;1905;0,9951632;0,0048368;0;0;36;1;1;825;1542;1287;1;1;3/2024
2020;565;4;1880;9,68E-06;0,999990322;0;0;7;2;2;890;1019;2968;1;1;4/2020
2021;566;5;1617;0,999983837;1,62E-05;0;0;36;1;1;743;1426;296;1;1;5/2021
2022;567;6;599;7,34E-05;0,999926615;0;0;64;2;2;103;646;3396;1;1;6/2022
2023;568;7;812;4,73E-05;0,999952707;0;0;64;2;2;35;1309;3102;1;1;7/2023
2024;569;8;1089;4,13E-05;0,999958661;0;0;2;2;2;636;1259;2765;1;1;8/2024
2020;570;9;602;0,004732416;0,995267584;0;0;50;2;2;1571;1717;2189;1;1;9/2020
2021;571;10;1253;0,999612513;0,000387487;0;0;5;1;1;685;714;1878;1;1;10/2021
2022;572;11;826;0,978252523;0,021747477;0;0;62;1;1;778;1615;1998;1;1;11/2022
2023;573;12;1976;8,64E-06;0,99999136;0;0;32;2;2;1301;1922;3699;1;1;12/2023
2024;574;1;535;0,999984584;1,54E-05;0;0;24;1;1;398;1775;524;1;1;1/2024
2020;575;2;1170;0,999981361;1,86E-05;0;0;30;1;1;27;1722;1073;1;1;2/2020
2021;576;3;1237;0,530820603;0,469179397;1;100;27;1;2;274;603;2454;0;0;3/2021
2022;577;4;1275;9,86E-06;0,999990136;0;0;5;2;2;19;501;3784;1;1;4/2022
2023;578;5;560;0,131411814;0,868588186;0;0;50;2;2;1448;1613;2150;1;1;5/2023
2024;579;6;1180;0,999984668;1,53E-05;0;0;27;1;1;168;540;348;1;1;6/2024
2020;580;7;774;1,00E-05;0,99999;0;0;55;2;2;8;896;3916;1;1;7/2020
2021;581;8;1113;0,999984387;1,56E-05;0;0;25;1;1;1047;1312;277;1;1;8/2021
2022;582;9;1232;0,999981408;1,86E-05;0;0;24;1;1;361;809;1257;1;1;9/2022
2023;583;10;731;0,999969476;3,05E-05;0;0;28;1;1;424;1032;1774;1;1;10/2023
2024;584;11;1617;9,12E-06;0,999990881;0;0;29;2;2;283;676;3685;1;1;11/2024
2020;585;12;1003;0,999338928;0,000661072;0;0;16;1;1;190;1905;1798;1;1;12/2020
2021;586;1;934;0,999984269;1,57E-05;0;0;30;1;1;521;1190;703;1;1;1/2021
2022;587;2;1561;0,009967345;0,990032655;0;0;4;2;2;885;1811;1783;1;1;2/2022
2023;588;3;981;0,999981584;1,84E-05;0;0;2;1;1;75;688;1539;1;1;3/2023
2024;589;4;989;0,765567525;0,234432475;0;0;51;1;1;670;804;2349;1;1;4/2024
2020;590;5;1633;0,999984178;1,58E-05;0;0;33;1;1;146;906;511;1;1;5/2020
2021;591;6;1108;9,18E-06;0,999990815;0;0;49;2;2;1298;1666;3254;1;1;6/2021
2022;592;7;1230;0,999983657;1,63E-05;0;0;26;1;1;416;676;988;1;1;7/2022
2023;593;8;1379;0,999983834;1,62E-05;0;0;63;1;1;207;1370;651;1;1;8/2023
2024;594;9;1883;8,81E-06;0,999991189;0;0;30;2;2;531;791;3724;1;1;9/2024
2020;595;10;600;0,999981671;1,83E-05;0;0;14;1;1;320;747;1655;1;1;10/2020
2021;596;11;1076;0,980376777;0,019623223;0;0;14;1;1;545;1300;2043;1;1;11/2021
2022;597;12;1849;8,91E-06;0,999991092;0;0;15;2;2;606;1123;3447;1;1;12/2022
2023;598;1;1175;0,77274273;0,22725727;0;0;19;1;1;873;1394;1944;1;1;1/2023
2024;599;2;1063;0,000689149;0,999310851;0;0;48;2;2;127;683;2910;1;1;2/2024
2020;600;3;555;0,99995988;4,01E-05;0;0;38;1;1;214;1970;1686;1;1;3/2020
2021;601;4;1958;0,999937105;6,29E-05;0;0;4;1;1;304;637;1409;1;1;4/2021
2022;602;5;1662;8,82E-06;0,999991184;0;0;61;2;2;32;1509;3760;1;1;5/2022
2023;603;6;801;0,999975423;2,46E-05;0;0;63;1;1;650;879;1617;1;1;6/2023
2024;604;7;1864;2,31E-05;0,999976899;0;0;46;2;2;168;981;2686;1;1;7/2024
2020;605;8;1703;0,999976559;2,34E-05;0;0;22;1;1;286;1235;1046;1;1;8/2020
2021;606;9;961;0,000104078;0,999895922;0;0;57;2;2;291;1434;2782;1;1;9/2021
2022;607;10;1660;0,99990713;9,29E-05;0;0;7;1;1;76;1165;1531;1;1;10/2022
2023;608;11;579;4,32E-05;0,999956794;0;0;7;2;2;808;1517;2908;1;1;11/2023
2024;609;12;1414;9,74E-06;0,999990258;0;0;44;2;2;44;1118;3490;1;1;12/2024
2020;610;1;1720;0,00017267;0,99982733;0;0;55;2;2;753;1353;2148;1;1;1/2020
2021;611;2;1250;1,29E-05;0,99998705;0;0;20;2;2;11;1020;3314;1;1;2/2021
2022;612;3;1029;0,999984512;1,55E-05;0;0;5;1;1;264;956;582;1;1;3/2022
2023;613;4;1075;8,86E-06;0,999991142;0;0;11;2;2;271;1769;3927;1;1;4/2023
2024;614;5;1129;0,993567981;0,006432019;0;0;49;1;1;1070;1079;1857;1;1;5/2024
2020;615;6;1063;0,139785004;0,860214996;0;0;27;2;2;201;582;2668;1;1;6/2020
2021;616;7;765;0,999984366;1,56E-05;0;0;18;1;1;6;793;1066;1;1;7/2021
2022;617;8;1177;0,044451042;0,955548958;1;100;11;2;1;945;1923;1887;0;0;8/2022
2023;618;9;1234;1,32E-05;0,999986756;0;0;17;2;2;209;725;3351;1;1;9/2023
2024;619;10;1128;1,46E-05;0,999985382;0;0;53;2;2;609;1370;2982;1;1;10/2024
2020;620;11;689;1,42E-05;0,999985786;0;0;45;2;2;256;823;3585;1;1;11/2020
2021;621;12;1994;0,999983492;1,65E-05;0;0;7;1;1;667;711;454;1;1;12/2021
2022;622;1;649;0,999984389;1,56E-05;0;0;19;1;1;344;1551;739;1;1;1/2022
2023;623;2;1030;1,15E-05;0,999988509;0;0;58;2;2;1111;1812;2858;1;1;2/2023
2024;624;3;912;0,969846991;0,030153009;0;0;54;1;1;329;1053;2330;1;1;3/2024
2020;625;4;1496;8,94E-06;0,999991064;0;0;6;2;2;549;1383;3571;1;1;4/2020
2021;626;5;560;0,999874087;0,000125913;0;0;57;1;1;80;1327;2167;1;1;5/2021
2022;627;6;1431;0,999984385;1,56E-05;0;0;56;1;1;156;952;461;1;1;6/2022
2023;628;7;1045;0,006804248;0,993195752;0;0;40;2;2;1078;1564;2137;1;1;7/2023
2024;629;8;946;0,073479702;0,926520298;0;0;25;2;2;650;1740;2177;1;1;8/2024
2020;630;9;841;0,000177018;0,999822982;0;0;39;2;2;546;828;2942;1;1;9/2020
2021;631;10;1539;6,98E-05;0,999930244;0;0;41;2;2;1112;1666;2107;1;1;10/2021
2022;632;11;1623;0,007958072;0,992041928;0;0;61;2;2;1568;1832;1510;1;1;11/2022
2023;633;12;1722;1,34E-05;0,999986613;0;0;25;2;2;1179;1638;2376;1;1;12/2023
2024;634;1;726;0,999981794;1,82E-05;0;0;43;1;1;666;760;1446;1;1;1/2024
2020;635;2;1645;0,999978525;2,15E-05;0;0;21;1;1;897;1308;783;1;1;2/2020
2021;636;3;768;0,999984465;1,55E-05;0;0;56;1;1;418;515;952;1;1;3/2021
2022;637;4;659;8,89E-06;0,999991112;0;0;24;2;2;924;1877;3925;1;1;4/2022
2023;638;5;1210;0,999705469;0,000294531;0;0;57;1;1;329;1039;1886;1;1;5/2023
2024;639;6;1541;0,999972898;2,71E-05;0;0;28;1;1;796;1052;1108;1;1;6/2024
2020;640;7;1729;0,999504879;0,000495121;0;0;12;1;1;461;1178;1519;1;1;7/2020
2021;641;8;1987;0,999739667;0,000260333;0;0;50;1;1;960;1925;857;1;1;8/2021
2022;642;9;586;0,001812732;0,998187268;0;0;8;2;2;116;598;3178;1;1;9/2022
2023;643;10;1805;0,999925618;7,44E-05;0;0;29;1;1;758;891;1276;1;1;10/2023
2024;644;11;972;0,999710011;0,000289989;0;0;54;1;1;681;1050;1900;1;1;11/2024
2020;645;12;1537;1,20E-05;0,99998802;0;0;46;2;2;686;1305;2857;1;1;12/2020
2021;646;1;1322;9,35E-06;0,999990645;0;0;35;2;2;443;708;3684;1;1;1/2021
2022;647;2;584;9,00E-06;0,999990997;0;0;19;2;2;919;1343;3996;1;1;2/2022
2023;648;3;1966;0,106894583;0,893105417;0;0;48;2;2;1242;1973;1252;1;1;3/2023
2024;649;4;615;0,981765719;0,018234281;0;0;58;1;1;1021;1958;1906;1;1;4/2024
2020;650;5;1445;0,999981577;1,84E-05;0;0;53;1;1;386;836;1099;1;1;5/2020
2021;651;6;586;9,30E-06;0,9999907;0;0;57;2;2;1226;1389;3646;1;1;6/2021
2022;652;7;1986;9,77E-06;0,999990234;0;0;51;2;2;342;774;3165;1;1;7/2022
2023;653;8;1926;1,37E-05;0,999986252;0;0;33;2;2;982;1157;2488;1;1;8/2023
2024;654;9;1887;8,74E-06;0,999991262;0;0;17;2;2;1172;1798;3348;1;1;9/2024
2020;655;10;1205;0,999984003;1,60E-05;0;0;12;1;1;573;614;860;1;1;10/2020
2021;656;11;1794;0,999984333;1,57E-05;0;0;55;1;1;43;627;402;1;1;11/2021
2022;657;12;1631;0,999983836;1,62E-05;0;0;3;1;1;177;1905;301;1;1;12/2022
2023;658;1;1656;0,779000971;0,220999029;0;0;34;1;1;880;1456;1629;1;1;1/2023
2024;659;2;1494;1,08E-05;0,99998925;0;0;47;2;2;207;1177;3202;1;1;2/2024
2020;660;3;788;9,39E-06;0,999990613;0;0;57;2;2;42;1161;3969;1;1;3/2020
2021;661;4;1044;0,992249104;0,007750896;0;0;12;1;1;1230;1263;1794;1;1;4/2021
2022;662;5;1254;2,44E-05;0,999975637;0;0;44;2;2;204;1021;3011;1;1;5/2022
2023;663;6;1724;1,06E-05;0,999989395;0;0;9;2;2;655;828;3056;1;1;6/2023
2024;664;7;595;0,999980717;1,93E-05;0;0;20;1;1;623;816;1593;1;1;7/2024
2020;665;8;659;0,479357012;0,520642988;1;100;6;2;1;1054;1929;2044;0;0;8/2020
2021;666;9;829;0,999983892;1,61E-05;0;0;56;1;1;91;1916;820;1;1;9/2021
2022;667;10;833;0,99998442;1,56E-05;0;0;27;1;1;649;1290;586;1;1;10/2022
2023;668;11;1007;0,999981965;1,80E-05;0;0;21;1;1;479;831;1301;1;1;11/2023
2024;669;12;909;1,71E-05;0,99998286;0;0;53;2;2;635;973;3187;1;1;12/2024
2020;670;1;1012;3,10E-05;0,999968975;0;0;39;2;2;882;1195;2802;1;1;1/2020
2021;671;2;1442;0,919016368;0,080983632;0;0;27;1;1;231;687;2227;1;1;2/2021
2022;672;3;1522;8,77E-06;0,999991232;0;0;21;2;2;533;1696;3767;1;1;3/2022
2023;673;4;1562;0,000128763;0,999871237;0;0;7;2;2;642;1533;2243;1;1;4/2023
2024;674;5;1528;0,999984053;1,59E-05;0;0;37;1;1;306;564;733;1;1;5/2024
2020;675;6;1560;0,043523765;0,956476235;0;0;22;2;2;745;1364;1938;1;1;6/2020
2021;676;7;1103;0,958642742;0,041357258;0;0;29;1;1;990;1486;1837;1;1;7/2021
2022;677;8;1195;0,99998194;1,81E-05;0;0;20;1;1;1580;1652;504;1;1;8/2022
2023;678;9;1725;0,999699152;0,000300848;0;0;52;1;1;1125;1195;1243;1;1;9/2023
2024;679;10;1195;0,999983498;1,65E-05;0;0;23;1;1;163;1100;980;1;1;10/2024
2020;680;11;1576;9,01E-06;0,999990988;0;0;14;2;2;1213;1386;3220;1;1;11/2020
2021;681;12;1893;8,76E-06;0,999991241;0;0;63;2;2;637;763;3822;1;1;12/2021
2022;682;1;808;0,999980353;1,96E-05;0;0;20;1;1;496;974;1471;1;1;1/2022
2023;683;2;657;0,999982502;1,75E-05;0;0;37;1;1;476;961;1412;1;1;2/2023
2024;684;3;1882;0,000271066;0,999728934;0;0;47;2;2;119;652;2500;1;1;3/2024
2020;685;4;1918;0,999748818;0,000251182;0;0;22;1;1;381;1203;1369;1;1;4/2020
2021;686;5;1178;0,005558924;0,994441076;0;0;57;2;2;96;1352;2492;1;1;5/2021
2022;687;6;1648;0,999973124;2,69E-05;0;0;64;1;1;1153;1876;610;1;1;6/2022
2023;688;7;1655;0,999981895;1,81E-05;0;0;4;1;1;626;1348;673;1;1;7/2023
2024;689;8;1860;0,999983457;1,65E-05;0;0;55;1;1;195;799;676;1;1;8/2024
2020;690;9;719;8,95E-06;0,999991049;0;0;23;2;2;431;1727;3990;1;1;9/2020
2021;691;10;514;0,999984651;1,53E-05;0;0;57;1;1;168;1320;687;1;1;10/2021
2022;692;11;718;0,999974391;2,56E-05;0;0;21;1;1;518;830;1754;1;1;11/2022
2023;693;12;1020;1,02E-05;0,999989813;0;0;27;2;2;919;1482;3204;1;1;12/2023
2024;694;1;1231;1,22E-05;0,999987825;0;0;7;2;2;43;1663;3119;1;1;1/2024
2020;695;2;844;1,03E-05;0,999989726;0;0;22;2;2;777;1995;3154;1;1;2/2020
2021;696;3;1165;0,999984104;1,59E-05;0;0;41;1;1;564;831;764;1;1;3/2021
2022;697;4;1454;0,998317491;0,001682509;0;0;37;1;1;903;910;1713;1;1;4/2022
2023;698;5;1239;0,999984524;1,55E-05;0;0;52;1;1;590;661;417;1;1;5/2023
2024;699;6;959;8,86E-06;0,999991136;0;0;20;2;2;561;1631;3965;1;1;6/2024
2020;700;7;531;7,27E-05;0,999927275;0;0;63;2;2;145;1903;2958;1;1;7/2020
2021;701;8;1878;4,30E-05;0,999957039;0;0;56;2;2;183;559;2711;1;1;8/2021
2022;702;9;908;1,26E-05;0,999987395;0;0;44;2;2;154;941;3518;1;1;9/2022
2023;703;10;1801;0,999983919;1,61E-05;0;0;52;1;1;100;1708;258;1;1;10/2023
2024;704;11;995;0,999984047;1,60E-05;0;0;10;1;1;258;1889;609;1;1;11/2024
2020;705;12;1039;3,70E-05;0,999963015;0;0;56;2;2;497;618;3105;1;1;12/2020
2021;706;1;1826;0,031619213;0,968380787;0;0;49;2;2;973;1633;1612;1;1;1/2021
2022;707;2;667;9,30E-05;0,999907047;0;0;8;2;2;1015;1947;2528;1;1;2/2022
2023;708;3;1678;0,99998444;1,56E-05;0;0;64;1;1;436;536;278;1;1;3/2023
2024;709;4;1646;0,999982295;1,77E-05;0;0;25;1;1;211;1608;686;1;1;4/2024
2020;710;5;1628;8,96E-06;0,999991045;0;0;56;2;2;500;1713;3358;1;1;5/2020
2021;711;6;1044;0,999937507;6,25E-05;0;0;33;1;1;42;1262;1816;1;1;6/2021
2022;712;7;1502;9,51E-06;0,999990489;0;0;54;2;2;65;588;3693;1;1;7/2022
2023;713;8;626;1,53E-05;0,999984694;0;0;23;2;2;90;1334;3458;1;1;8/2023
2024;714;9;955;0,999470622;0,000529378;0;0;2;1;1;428;1254;1974;1;1;9/2024
2020;715;10;1166;9,17E-06;0,999990827;0;0;43;2;2;205;603;3993;1;1;10/2020
2021;716;11;1954;0,999980597;1,94E-05;0;0;24;1;1;512;1149;700;1;1;11/2021
2022;717;12;608;0,970915404;0,029084596;0;0;64;1;1;4;1351;2517;1;1;12/2022
2023;718;1;625;1,16E-05;0,999988397;0;0;33;2;2;431;550;3801;1;1;1/2023
2024;719;2;1582;8,67E-06;0,999991327;0;0;44;2;2;1486;1797;3890;1;1;2/2024
2020;720;3;1799;0,999982988;1,70E-05;0;0;30;1;1;617;1386;445;1;1;3/2020
2021;721;4;1110;0,99998231;1,77E-05;0;0;12;1;1;961;1950;624;1;1;4/2021
2022;722;5;1375;1,04E-05;0,999989603;0;0;12;2;2;898;1687;2890;1;1;5/2022
2023;723;6;1923;0,000481482;0,999518518;0;0;14;2;2;15;525;2519;1;1;6/2023
2024;724;7;1874;0,994571334;0,005428666;0;0;19;1;1;1238;1418;1218;1;1;7/2024
2020;725;8;767;0,999984535;1,55E-05;0;0;28;1;1;344;1517;527;1;1;8/2020
2021;726;9;633;1,20E-05;0,999987952;0;0;49;2;2;529;1009;3560;1;1;9/2021
2022;727;10;554;1,35E-05;0,99998654;0;0;12;2;2;85;806;3764;1;1;10/2022
2023;728;11;697;0,999984716;1,53E-05;0;0;20;1;1;478;1477;259;1;1;11/2023
2024;729;12;1595;9,27E-06;0,99999073;0;0;12;2;2;344;655;3608;1;1;12/2024
2020;730;1;1170;0,802450976;0,197549024;0;0;40;1;1;427;684;2366;1;1;1/2020
2021;731;2;918;0,999974182;2,58E-05;0;0;8;1;1;653;671;1652;1;1;2/2021
2022;732;3;586;0,98810786;0,01189214;0;0;15;1;1;241;854;2592;1;1;3/2022
2023;733;4;1382;0,971750316;0,028249684;0;0;13;1;1;612;719;2073;1;1;4/2023
2024;734;5;662;0,991576545;0,008423455;0;0;20;1;1;1001;1224;2125;1;1;5/2024
2020;735;6;1065;0,999970429;2,96E-05;0;0;21;1;1;760;1722;1193;1;1;6/2020
2021;736;7;730;1,42E-05;0,999985789;0;0;27;2;2;62;846;3623;1;1;7/2021
2022;737;8;1604;9,25E-06;0,999990754;0;0;6;2;2;68;1042;3564;1;1;8/2022
2023;738;9;1703;0,999983821;1,62E-05;0;0;23;1;1;134;521;793;1;1;9/2023
2024;739;10;1368;0,999815437;0,000184563;0;0;42;1;1;907;925;1590;1;1;10/2024
2020;740;11;558;0,999984588;1,54E-05;0;0;49;1;1;997;1605;392;1;1;11/2020
2021;741;12;634;9,73E-06;0,999990265;0;0;41;2;2;1362;1853;3242;1;1;12/2021
2022;742;1;1191;0,999963229;3,68E-05;0;0;26;1;1;681;683;1604;1;1;1/2022
2023;743;2;1972;9,29E-06;0,999990709;0;0;37;2;2;715;1648;2870;1;1;2/2023
2024;744;3;1391;1,31E-05;0,999986933;0;0;36;2;2;14;1256;3139;1;1;3/2024
2020;745;4;1035;9,27E-06;0,999990728;0;0;44;2;2;236;1960;3506;1;1;4/2020
2021;746;5;1308;0,999984403;1,56E-05;0;0;46;1;1;275;989;488;1;1;5/2021
2022;747;6;862;0,999984492;1,55E-05;0;0;23;1;1;793;1758;278;1;1;6/2022
2023;748;7;560;0,485820915;0,514179085;1;100;23;2;1;356;1903;2360;0;0;7/2023
2024;749;8;1392;0,999973637;2,64E-05;0;0;44;1;1;482;1098;1280;1;1;8/2024
2020;750;9;530;0,999983214;1,68E-05;0;0;40;1;1;818;1090;1229;1;1;9/2020
2021;751;10;680;9,16E-06;0,999990841;0;0;34;2;2;686;1418;3845;1;1;10/2021
2022;752;11;1049;0,999983688;1,63E-05;0;0;63;1;1;199;1077;1022;1;1;11/2022
2023;753;12;1823;0,666843265;0,333156735;1;100;10;1;2;362;1250;1812;0;0;12/2023
2024;754;1;1940;0,999955148;4,49E-05;0;0;5;1;1;588;1809;820;1;1;1/2024
2020;755;2;514;1,03E-05;0,999989713;0;0;37;2;2;956;1723;3392;1;1;2/2020
2021;756;3;589;0,999939942;6,01E-05;0;0;61;1;1;429;815;2113;1;1;3/2021
2022;757;4;1908;1,17E-05;0,999988295;0;0;30;2;2;140;1046;2944;1;1;4/2022
2023;758;5;561;1,52E-05;0,999984842;0;0;11;2;2;492;1176;3421;1;1;5/2023
2024;759;6;993;0,999980826;1,92E-05;0;0;16;1;1;424;1639;1113;1;1;6/2024
2020;760;7;1023;1,05E-05;0,999989452;0;0;63;2;2;367;1985;3155;1;1;7/2020
2021;761;8;868;0,999979291;2,07E-05;0;0;5;1;1;40;1311;1519;1;1;8/2021
2022;762;9;1587;0,999984249;1,58E-05;0;0;50;1;1;299;874;461;1;1;9/2022
2023;763;10;1212;0,000980813;0,999019187;0;0;46;2;2;611;1715;2249;1;1;10/2023
2024;764;11;871;0,999984594;1,54E-05;0;0;52;1;1;194;1437;437;1;1;11/2024
2020;765;12;875;1,09E-05;0,999989101;0;0;43;2;2;902;969;3396;1;1;12/2020
2021;766;1;609;0,999951477;4,85E-05;0;0;10;1;1;113;1524;1905;1;1;1/2021
2022;767;2;1751;0,847018224;0,152981776;0;0;4;1;1;1499;1952;1155;1;1;2/2022
2023;768;3;1456;8,79E-06;0,999991207;0;0;49;2;2;1285;1427;3624;1;1;3/2023
2024;769;4;832;1,08E-05;0,999989233;0;0;46;2;2;820;1366;3317;1;1;4/2024
2020;770;5;538;0,999984854;1,51E-05;0;0;2;1;1;235;662;417;1;1;5/2020
2021;771;6;865;1,20E-05;0,999988014;0;0;16;2;2;335;1009;3494;1;1;6/2021
2022;772;7;1997;0,103188428;0,896811572;0;0;40;2;2;866;1212;1655;1;1;7/2022
2023;773;8;1512;8,75E-06;0,999991249;0;0;18;2;2;1079;1897;3607;1;1;8/2023
2024;774;9;1644;0,003137689;0,996862311;0;0;44;2;2;358;791;2360;1;1;9/2024
2020;775;10;1119;9,60E-06;0,999990399;0;0;23;2;2;821;915;3520;1;1;10/2020
2021;776;11;1552;0,001369595;0,998630405;0;0;13;2;2;269;1026;2403;1;1;11/2021
2022;777;12;1061;0,999983454;1,65E-05;0;0;52;1;1;138;1330;999;1;1;12/2022
2023;778;1;1602;8,73E-06;0,99999127;0;0;58;2;2;1259;1746;3622;1;1;1/2023
2024;779;2;1744;0,999979326;2,07E-05;0;0;20;1;1;68;718;1205;1;1;2/2024
2020;780;3;1701;1,78E-05;0,999982199;0;0;10;2;2;550;1338;2598;1;1;3/2020
2021;781;4;1450;0,999961642;3,84E-05;0;0;31;1;1;1573;1639;794;1;1;4/2021
2022;782;5;892;0,999974866;2,51E-05;0;0;47;1;1;655;1782;1241;1;1;5/2022
2023;783;6;557;0,999979764;2,02E-05;0;0;24;1;1;1131;1315;1305;1;1;6/2023
2024;784;7;986;0,999983889;1,61E-05;0;0;28;1;1;199;679;1149;1;1;7/2024
2020;785;8;963;0,000559544;0,999440456;0;0;60;2;2;742;821;2722;1;1;8/2020
2021;786;9;904;0,999983757;1,62E-05;0;0;35;1;1;42;507;1360;1;1;9/2021
2022;787;10;754;0,999954061;4,59E-05;0;0;59;1;1;1914;1928;1027;1;1;10/2022
2023;788;11;1872;9,55E-06;0,999990446;0;0;49;2;2;81;1389;3153;1;1;11/2023
2024;789;12;503;0,942779789;0,057220211;0;0;8;1;1;201;1245;2583;1;1;12/2024
2020;790;1;709;0,459213548;0,540786452;1;100;35;2;1;1545;1596;1973;0;0;1/2020
2021;791;2;1902;0,999981762;1,82E-05;0;0;50;1;1;1142;1393;343;1;1;2/2021
2022;792;3;1715;1,51E-05;0,999984921;0;0;18;2;2;674;1375;2598;1;1;3/2022
2023;793;4;1939;0,999979939;2,01E-05;0;0;55;1;1;320;520;1047;1;1;4/2023
2024;794;5;1089;0,000504754;0,999495246;0;0;2;2;2;211;1409;2620;1;1;5/2024
2020;795;6;1517;1,12E-05;0,999988778;0;0;48;2;2;802;1489;2822;1;1;6/2020
2021;796;7;1138;0,799127211;0,200872789;1;100;48;1;2;233;1777;2048;0;0;7/2021
2022;797;8;1876;1,40E-05;0,999986017;0;0;40;2;2;546;1564;2513;1;1;8/2022
2023;798;9;1642;1,64E-05;0,999983605;0;0;8;2;2;129;873;2984;1;1;9/2023
2024;799;10;1062;8,77E-06;0,999991229;0;0;10;2;2;1596;1807;3803;1;1;10/2024
2020;800;11;615;2,33E-05;0,999976747;0;0;10;2;2;1216;1786;2769;1;1;11/2020
2021;801;12;1021;1,82E-05;0,999981838;0;0;53;2;2;905;1988;2631;1;1;12/2021
2022;802;1;1066;4,65E-05;0,999953523;0;0;39;2;2;401;1586;2728;1;1;1/2022
2023;803;2;1352;0,999961756;3,82E-05;0;0;6;1;1;629;1299;1309;1;1;2/2023
2024;804;3;685;0,99998465;1,53E-05;0;0;29;1;1;433;648;728;1;1;3/2024
2020;805;4;1240;8,96E-06;0,999991035;0;0;39;2;2;1511;1756;3260;1;1;4/2020
2021;806;5;1159;0,611278073;0,388721927;1;100;36;1;2;717;1206;2115;0;0;5/2021
2022;807;6;1862;0,99997551;2,45E-05;0;0;62;1;1;386;1046;1017;1;1;6/2022
2023;808;7;1168;1,18E-05;0,999988161;0;0;61;2;2;159;1578;3173;1;1;7/2023
2024;809;8;748;0,999972023;2,80E-05;0;0;25;1;1;88;709;1974;1;1;8/2024
2020;810;9;1245;5,62E-05;0,999943788;0;0;30;2;2;330;1434;2676;1;1;9/2020
2021;811;10;1494;1,14E-05;0,999988648;0;0;45;2;2;449;790;3208;1;1;10/2021
2022;812;11;671;0,692911303;0,307088697;1;100;2;1;2;614;1617;2278;0;0;11/2022
2023;813;12;1695;8,90E-06;0,999991095;0;0;34;2;2;713;1742;3296;1;1;12/2023
2024;814;1;999;1,39E-05;0,999986128;0;0;56;2;2;342;1641;3083;1;1;1/2024
2020;815;2;1660;0,002205993;0,997794007;0;0;15;2;2;440;569;2424;1;1;2/2020
2021;817;3;759;0,999984177;1,58E-05;0;0;39;1;1;110;1317;968;1;1;3/2021
2022;818;4;817;0,999827968;0,000172032;0;0;11;1;1;722;766;2039;1;1;4/2022
2023;819;5;771;0,999983762;1,62E-05;0;0;33;1;1;776;1247;920;1;1;5/2023
2024;820;6;1076;8,57E-05;0,99991432;0;0;14;2;2;1088;1718;2355;1;1;6/2024
2020;821;7;548;0,999984522;1,55E-05;0;0;56;1;1;657;1657;562;1;1;7/2020
2021;822;8;1277;0,999984209;1,58E-05;0;0;41;1;1;902;1090;429;1;1;8/2021
2022;823;9;1273;0,999984002;1,60E-05;0;0;23;1;1;485;1399;558;1;1;9/2022
2023;824;10;1836;9,79E-06;0,999990214;0;0;26;2;2;408;1139;3097;1;1;10/2023
2024;825;11;1871;0,00024878;0,99975122;0;0;20;2;2;88;1682;2144;1;1;11/2024
2020;826;12;1591;0,999983901;1,61E-05;0;0;52;1;1;548;1641;282;1;1;12/2020
2021;827;1;1489;0,999983917;1,61E-05;0;0;32;1;1;172;812;776;1;1;1/2021
2022;828;2;1727;9,90E-06;0,9999901;0;0;63;2;2;1463;1992;2457;1;1;2/2022
2023;829;3;1827;1,65E-05;0,999983534;0;0;39;2;2;55;1020;2844;1;1;3/2023
2024;830;4;1793;0,999941829;5,82E-05;0;0;27;1;1;586;722;1370;1;1;4/2024
2020;831;5;1965;8,70E-06;0,999991296;0;0;4;2;2;977;1660;3535;1;1;5/2020
2021;832;6;1563;8,86E-06;0,999991144;0;0;24;2;2;142;1699;3660;1;1;6/2021
2022;833;7;1218;0,999984618;1,54E-05;0;0;14;1;1;229;616;398;1;1;7/2022
2023;834;8;1009;0,026350886;0,973649114;0;0;2;2;2;267;1841;2286;1;1;8/2023
2024;835;9;880;0,000105053;0,999894947;0;0;6;2;2;632;660;3006;1;1;9/2024
2020;837;10;1447;0,999983849;1,62E-05;0;0;40;1;1;963;1062;471;1;1;10/2020
2021;838;11;1407;0,999974237;2,58E-05;0;0;16;1;1;925;1206;1068;1;1;11/2021
2022;839;12;1812;8,96E-06;0,999991041;0;0;42;2;2;380;1550;3338;1;1;12/2022
2023;840;1;725;0,999976949;2,31E-05;0;0;60;1;1;1134;1249;1326;1;1;1/2023
2024;841;2;1485;0,154060381;0,845939619;0;0;32;2;2;510;1013;2147;1;1;2/2024
2020;842;3;972;0,986219087;0,013780913;0;0;13;1;1;1392;1795;1615;1;1;3/2020
2021;843;4;1677;8,78E-06;0,999991216;0;0;11;2;2;271;1477;3771;1;1;4/2021
2022;844;5;1008;0,999972634;2,74E-05;0;0;36;1;1;825;1972;1083;1;1;5/2022
2023;845;6;1714;9,04E-06;0,999990963;0;0;31;2;2;287;627;3707;1;1;6/2023
2024;846;7;1002;0,999979414;2,06E-05;0;0;45;1;1;948;1007;1234;1;1;7/2024
2020;847;8;612;1,23E-05;0,999987655;0;0;35;2;2;1294;1337;3169;1;1;8/2020
2021;848;9;1792;9,32E-06;0,999990682;0;0;62;2;2;1626;1913;2563;1;1;9/2021
2022;849;10;1306;5,51E-05;0,999944899;0;0;33;2;2;867;1258;2521;1;1;10/2022
2023;850;11;600;1,79E-05;0,999982118;0;0;22;2;2;207;1162;3441;1;1;11/2023
2024;851;12;1568;0,999984269;1,57E-05;0;0;33;1;1;413;654;508;1;1;12/2024
2020;852;1;1369;9,06E-06;0,999990939;0;0;28;2;2;1451;1469;3206;1;1;1/2020
2021;853;2;1512;9,09E-06;0,999990908;0;0;54;2;2;220;1838;3366;1;1;2/2021
2022;854;3;1442;0,253327352;0,746672648;0;0;56;2;2;1626;1668;1513;1;1;3/2022
2023;855;4;685;1,30E-05;0,999986971;0;0;13;2;2;1091;1203;3210;1;1;4/2023
2024;856;5;1954;8,99E-06;0,999991008;0;0;7;2;2;673;690;3438;1;1;5/2024
2020;857;6;999;1,93E-05;0,999980699;0;0;64;2;2;1397;1616;2593;1;1;6/2020
2021;858;7;1414;0,999980661;1,93E-05;0;0;15;1;1;294;1233;1069;1;1;7/2021
2022;859;8;1444;8,94E-06;0,999991064;0;0;38;2;2;624;917;3764;1;1;8/2022
2023;860;9;1991;0,99998288;1,71E-05;0;0;42;1;1;366;613;722;1;1;9/2023
2024;861;10;1776;9,24E-06;0,999990758;0;0;20;2;2;1563;1803;2671;1;1;10/2024
2020;862;11;1845;0,999191912;0,000808088;0;0;61;1;1;292;695;1731;1;1;11/2020
2021;863;12;1097;0,9983853;0,0016147;0;0;64;1;1;419;1914;1725;1;1;12/2021
2022;864;1;1996;2,62E-05;0,999973792;0;0;51;2;2;671;1445;2236;1;1;1/2022
2023;865;2;803;0,00125996;0,99874004;0;0;17;2;2;344;1440;2680;1;1;2/2023
2024;866;3;1866;0,986558166;0,013441834;0;0;47;1;1;358;1782;1444;1;1;3/2024
2020;867;4;581;6,79E-05;0,999932104;0;0;59;2;2;803;1613;2819;1;1;4/2020
2021;868;5;546;0,999976193;2,38E-05;0;0;26;1;1;416;1658;1550;1;1;5/2021
2022;869;6;582;0,035467641;0,964532359;0;0;27;2;2;985;1420;2437;1;1;6/2022
2023;870;7;1097;0,001057683;0,998942317;0;0;21;2;2;1277;1352;2219;1;1;7/2023
2024;871;8;1368;1,24E-05;0,999987559;0;0;9;2;2;843;1145;2941;1;1;8/2024
2020;872;9;729;1,36E-05;0,999986372;0;0;14;2;2;563;1055;3397;1;1;9/2020
2021;873;10;1027;0,999975073;2,49E-05;0;0;63;1;1;152;714;1732;1;1;10/2021
2022;874;11;1702;1,13E-05;0,999988719;0;0;52;2;2;1397;1491;2501;1;1;11/2022
2023;875;12;768;0,999983429;1,66E-05;0;0;19;1;1;637;991;1145;1;1;12/2023
2024;876;1;835;0,006387969;0,993612031;0;0;42;2;2;396;1378;2583;1;1;1/2024
2020;877;2;964;0,016213984;0,983786016;0;0;22;2;2;225;1234;2577;1;1;2/2020
2021;878;3;1417;0,999983212;1,68E-05;0;0;56;1;1;494;1649;590;1;1;3/2021
2022;879;4;840;0,000149694;0,999850306;0;0;15;2;2;526;1728;2636;1;1;4/2022
2023;880;5;686;0,999983325;1,67E-05;0;0;36;1;1;64;745;1503;1;1;5/2023
2024;881;6;1496;0,99998384;1,62E-05;0;0;42;1;1;96;741;854;1;1;6/2024
2020;882;7;1151;0,00010046;0,99989954;0;0;31;2;2;1022;1560;2377;1;1;7/2020
2021;883;8;1884;0,978599517;0,021400483;0;0;24;1;1;1168;1179;1396;1;1;8/2021
2022;884;9;568;0,999984133;1,59E-05;0;0;36;1;1;181;1703;950;1;1;9/2022
2023;885;10;618;0,000318333;0,999681667;0;0;63;2;2;853;1781;2574;1;1;10/2023
2024;886;11;1370;8,75E-06;0,999991252;0;0;6;2;2;1392;1783;3703;1;1;11/2024
2020;887;12;1563;8,91E-06;0,999991094;0;0;16;2;2;410;572;3922;1;1;12/2020
2021;888;1;1569;9,14E-06;0,999990862;0;0;33;2;2;519;930;3538;1;1;1/2021
2022;889;2;1262;1,57E-05;0,999984282;0;0;34;2;2;223;737;3248;1;1;2/2022
2023;890;3;1410;0,012256041;0,987743959;0;0;15;2;2;192;1311;2304;1;1;3/2023
2024;891;4;1724;8,99E-06;0,999991011;0;0;57;2;2;1605;1924;2822;1;1;4/2024
2020;892;5;1606;9,90E-06;0,999990099;0;0;33;2;2;157;770;3437;1;1;5/2020
2021;893;6;772;9,79E-06;0,999990209;0;0;10;2;2;1242;1712;3242;1;1;6/2021
2022;894;7;1667;0,999978526;2,15E-05;0;0;21;1;1;1211;1396;635;1;1;7/2022
2023;895;8;680;0,000328754;0,999671246;0;0;9;2;2;1428;1500;2438;1;1;8/2023
2024;896;9;869;2,00E-05;0,999980017;0;0;57;2;2;1243;1584;2727;1;1;9/2024
2020;897;10;904;0,999984042;1,60E-05;0;0;19;1;1;1094;1496;545;1;1;10/2020
2021;898;11;1343;0,99998382;1,62E-05;0;0;14;1;1;1063;1205;462;1;1;11/2021
2022;900;12;1039;0,938541384;0,061458616;0;0;12;1;1;1428;1827;1619;1;1;12/2022
2023;901;1;1652;0,000309747;0,999690253;0;0;36;2;2;313;1264;2338;1;1;1/2023
2024;902;2;630;0,999983624;1,64E-05;0;0;14;1;1;66;1448;1212;1;1;2/2024
2020;903;3;1540;0,999832935;0,000167065;0;0;60;1;1;704;822;1591;1;1;3/2020
2021;904;4;1312;9,03E-06;0,999990973;0;0;10;2;2;95;893;3941;1;1;4/2021
2022;905;5;1989;7,80E-05;0,999921951;0;0;17;2;2;629;682;2369;1;1;5/2022
2023;906;6;1135;1,21E-05;0,999987857;0;0;46;2;2;293;1846;3029;1;1;6/2023
2024;907;7;748;0,994647892;0,005352108;0;0;27;1;1;450;1554;2126;1;1;7/2024
2020;908;8;706;0,976795927;0,023204073;0;0;31;1;1;543;938;2419;1;1;8/2020
2021;909;9;1906;0,99824221;0,00175779;0;0;55;1;1;3;629;1871;1;1;9/2021
2022;910;10;1224;0,999984326;1,57E-05;0;0;44;1;1;622;709;621;1;1;10/2022
2023;911;11;1179;0,99998379;1,62E-05;0;0;5;1;1;913;1429;543;1;1;11/2023
2024;912;12;663;2,66E-05;0,999973353;0;0;25;2;2;82;1605;3176;1;1;12/2024
2020;913;1;1741;3,45E-05;0,9999655;0;0;55;2;2;719;755;2575;1;1;1/2020
2021;914;2;1438;0,006890787;0,993109213;0;0;16;2;2;859;867;2246;1;1;2/2021
2022;915;3;1334;1,23E-05;0,9999877;0;0;42;2;2;1187;1974;2542;1;1;3/2022
2023;916;4;707;0,999210547;0,000789453;0;0;16;1;1;1027;1508;1853;1;1;4/2023
2024;917;5;774;1,52E-05;0,999984799;0;0;8;2;2;1713;1865;2614;1;1;5/2024
2020;918;6;708;0,999955201;4,48E-05;0;0;63;1;1;78;654;2169;1;1;6/2020
2021;919;7;1604;0,9999829;1,71E-05;0;0;33;1;1;134;939;916;1;1;7/2021
2022;920;8;1949;0,999857429;0,000142571;0;0;47;1;1;407;822;1433;1;1;8/2022
2023;921;9;1083;1,06E-05;0,999989386;0;0;64;2;2;1025;1118;3210;1;1;9/2023
2024;922;10;1387;0,999983533;1,65E-05;0;0;61;1;1;785;1151;629;1;1;10/2024
2020;923;11;956;9,15E-06;0,999990845;0;0;42;2;2;403;1614;3700;1;1;11/2020
2021;924;12;1772;0,999264632;0,000735368;0;0;64;1;1;270;545;1834;1;1;12/2021
2022;925;1;1283;0,999983813;1,62E-05;0;0;33;1;1;510;980;773;1;1;1/2022
2023;926;2;842;0,990193048;0,009806952;0;0;7;1;1;20;756;2549;1;1;2/2023
2024;927;3;1426;5,74E-05;0,999942645;0;0;55;2;2;777;1032;2562;1;1;3/2024
2020;928;4;1099;0,999946607;5,34E-05;0;0;61;1;1;393;1096;1699;1;1;4/2020
2021;929;5;1745;0,999741697;0,000258303;0;0;3;1;1;426;1629;1308;1;1;5/2021
2022;930;6;1130;0,999983385;1,66E-05;0;0;58;1;1;88;1261;1018;1;1;6/2022
2023;931;7;502;0,999953821;4,62E-05;0;0;37;1;1;705;1810;1649;1;1;7/2023
2024;932;8;1059;0,99998404;1,60E-05;0;0;50;1;1;519;1545;619;1;1;8/2024
2020;933;9;1546;0,999983599;1,64E-05;0;0;27;1;1;1138;1491;267;1;1;9/2020
2021;934;10;1891;8,82E-06;0,999991177;0;0;37;2;2;169;1108;3704;1;1;10/2021
2022;935;11;713;0,999184291;0,000815709;0;0;63;1;1;103;1760;2082;1;1;11/2022
2023;936;12;1314;1,07E-05;0,999989347;0;0;40;2;2;328;1858;3033;1;1;12/2023
2024;937;1;1184;9,70E-06;0,999990301;0;0;48;2;2;519;1577;3315;1;1;1/2024
2020;938;2;1562;2,65E-05;0,999973545;0;0;52;2;2;480;728;2829;1;1;2/2020
2021;939;3;1650;0,999984169;1,58E-05;0;0;38;1;1;773;881;324;1;1;3/2021
2022;940;4;1331;0,64783818;0,35216182;0;0;55;1;1;1162;1531;1732;1;1;4/2022
2023;941;5;510;1,03E-05;0,999989679;0;0;45;2;2;483;754;3919;1;1;5/2023
2024;942;6;728;0,999984476;1,55E-05;0;0;5;1;1;584;775;834;1;1;6/2024
2020;943;7;1470;9,61E-06;0,999990393;0;0;45;2;2;777;1090;3259;1;1;7/2020
2021;944;8;904;0,000160482;0,999839518;0;0;31;2;2;657;1014;2814;1;1;8/2021
2022;945;9;1974;0,985000912;0,014999088;0;0;10;1;1;530;1496;1433;1;1;9/2022
2023;946;10;1829;8,78E-06;0,999991219;0;0;59;2;2;1457;1919;3142;1;1;10/2023
2024;947;11;1423;0,577359954;0,422640046;0;0;44;1;1;501;640;2253;1;1;11/2024
2020;948;12;1445;9,08E-06;0,999990916;0;0;37;2;2;527;1393;3480;1;1;12/2020
2021;949;1;1276;9,33E-06;0,999990669;0;0;53;2;2;217;735;3798;1;1;1/2021
2022;950;2;1762;0,998143907;0,001856093;0;0;25;1;1;300;527;1896;1;1;2/2022
2023;951;3;1278;9,37E-06;0,999990626;0;0;60;2;2;1244;1504;3142;1;1;3/2023
2024;952;4;1672;0,935831872;0,064168128;0;0;32;1;1;1281;1896;1267;1;1;4/2024
2020;953;5;739;0,999984379;1,56E-05;0;0;58;1;1;1052;1536;475;1;1;5/2020
2021;954;6;920;6,40E-05;0,999935968;0;0;46;2;2;1058;1421;2608;1;1;6/2021
2022;955;7;1413;1,24E-05;0,999987632;0;0;51;2;2;187;517;3383;1;1;7/2022
2023;956;8;1596;0,000183487;0,999816513;0;0;7;2;2;169;1190;2493;1;1;8/2023
2024;957;9;667;0,00172225;0,99827775;0;0;3;2;2;13;1463;2855;1;1;9/2024
2020;958;10;525;0,999950085;4,99E-05;0;0;51;1;1;262;1587;1891;1;1;10/2020
2021;959;11;723;0,998020337;0,001979663;0;0;3;1;1;920;1748;1851;1;1;11/2021
2022;960;12;744;1,76E-05;0,999982409;0;0;33;2;2;1252;1963;2700;1;1;12/2022
2023;961;1;1330;0,999983868;1,61E-05;0;0;3;1;1;980;1262;463;1;1;1/2023
2024;962;2;1332;2,67E-05;0,999973344;0;0;7;2;2;846;855;2790;1;1;2/2024
2020;963;3;1137;0,999984253;1,57E-05;0;0;3;1;1;1250;1285;316;1;1;3/2020
2021;964;4;617;0,999425654;0,000574346;0;0;32;1;1;768;874;2213;1;1;4/2021
2022;965;5;851;0,999984356;1,56E-05;0;0;21;1;1;1171;1263;478;1;1;5/2022
2023;966;6;1097;0,999984613;1,54E-05;0;0;60;1;1;405;519;509;1;1;6/2023
2024;967;7;1509;0,935807298;0,064192702;0;0;50;1;1;1010;1684;1540;1;1;7/2024
2020;968;8;907;0,999984692;1,53E-05;0;0;42;1;1;171;507;584;1;1;8/2020
2021;969;9;1261;0,999955685;4,43E-05;0;0;52;1;1;605;1429;1365;1;1;9/2021
2022;970;10;1193;0,031429862;0,968570138;0;0;56;2;2;674;864;2394;1;1;10/2022
2023;971;11;1296;2,03E-05;0,999979679;0;0;11;2;2;1222;1382;2552;1;1;11/2023
2024;972;12;1576;8,89E-06;0,999991109;0;0;5;2;2;258;789;3904;1;1;12/2024
2020;973;1;1070;0,000271307;0,999728693;0;0;19;2;2;90;1614;2647;1;1;1/2020
2021;974;2;609;0,930194927;0,069805073;0;0;44;1;1;58;1253;2581;1;1;2/2021
2022;975;3;914;0,999984116;1,59E-05;0;0;4;1;1;191;1495;808;1;1;3/2022
2023;976;4;1300;0,999983704;1,63E-05;0;0;62;1;1;219;1037;874;1;1;4/2023
2024;977;5;1128;0,999926261;7,37E-05;0;0;46;1;1;751;1582;1434;1;1;5/2024
2020;978;6;1934;0,000716817;0,999283183;0;0;2;2;2;242;1127;2190;1;1;6/2020
2021;979;7;583;0,967877282;0,032122718;0;0;51;1;1;1658;1794;1799;1;1;7/2021
2022;980;8;1149;8,78E-06;0,999991223;0;0;30;2;2;1617;1675;3755;1;1;8/2022
2023;981;9;1657;9,44E-06;0,999990563;0;0;42;2;2;1770;1796;2597;1;1;9/2023
2024;982;10;1538;0,999916965;8,30E-05;0;0;13;1;1;567;986;1494;1;1;10/2024
2020;983;11;590;0,999981334;1,87E-05;0;0;32;1;1;227;509;1817;1;1;11/2020
2021;984;12;502;0,731109685;0,268890315;1;100;52;1;2;281;1159;2666;0;0;12/2021
2022;985;1;527;0,999982306;1,77E-05;0;0;53;1;1;67;1924;1302;1;1;1/2022
2023;986;2;854;1,79E-05;0,999982085;0;0;17;2;2;730;1148;3115;1;1;2/2023
2024;987;3;1117;0,009483401;0,990516599;0;0;31;2;2;1258;1627;2003;1;1;3/2024
2020;988;4;1547;0,99998426;1,57E-05;0;0;45;1;1;583;590;505;1;1;4/2020
2021;989;5;1090;0,996439891;0,003560109;0;0;27;1;1;1638;1910;1352;1;1;5/2021
2022;990;6;1658;0,000385915;0,999614085;0;0;38;2;2;51;739;2609;1;1;6/2022
2023;991;7;961;0,000133121;0,999866879;0;0;51;2;2;554;621;2981;1;1;7/2023
2024;992;8;1991;0,785515301;0,214484699;0;0;9;1;1;751;1377;1511;1;1;8/2024
2020;993;9;1526;9,10E-06;0,999990899;0;0;38;2;2;798;1418;3317;1;1;9/2020
2021;994;10;685;0,999983387;1,66E-05;0;0;17;1;1;725;870;1223;1;1;10/2021
2022;995;11;1562;8,88E-06;0,99999112;0;0;20;2;2;678;1676;3465;1;1;11/2022
2023;996;12;1469;0,999904698;9,53E-05;0;0;44;1;1;484;711;1687;1;1;12/2023
2024;997;1;805;1,25E-05;0,999987549;0;0;58;2;2;81;1544;3397;1;1;1/2024
2020;998;2;1928;0,99998267;1,73E-05;0;0;5;1;1;229;1004;696;1;1;2/2020
2021;999;3;1589;8,68E-06;0,999991323;0;0;58;2;2;957;1911;3961;1;1;3/2021
2022;1000;4;1290;0,99997756;2,24E-05;0;0;3;1;1;600;1109;1214;1;1;4/2022
2023;1001;5;769;0,984755644;0,015244356;0;0;17;1;1;1384;1454;1877;1;1;5/2023
2024;1002;6;1640;0,999983978;1,60E-05;0;0;21;1;1;589;1301;337;1;1;6/2024
2020;1003;7;1631;3,88E-05;0,999961151;0;0;13;2;2;960;1735;2173;1;1;7/2020
2021;1004;8;882;0,999984507;1,55E-05;0;0;28;1;1;248;884;751;1;1;8/2021
2022;1005;9;621;0,036062288;0,963937712;0;0;54;2;2;434;910;2801;1;1;9/2022
2023;1006;10;808;8,99E-06;0,999991005;0;0;8;2;2;618;1891;3762;1;1;10/2023
2024;1007;11;955;0,999902428;9,76E-05;0;0;43;1;1;1248;1511;1432;1;1;11/2024
2020;1008;12;1859;0,999602431;0,000397569;0;0;22;1;1;1004;1654;1067;1;1;12/2020
2021;1009;1;772;0,999984484;1,55E-05;0;0;8;1;1;552;1802;422;1;1;1/2021
2022;1010;2;1595;0,999713949;0,000286051;0;0;63;1;1;1475;1988;908;1;1;2/2022
2023;1011;3;1081;0,924281299;0,075718701;0;0;42;1;1;83;816;2456;1;1;3/2023
2024;1012;4;1911;8,62E-06;0,999991385;0;0;64;2;2;1795;1958;3872;1;1;4/2024
2020;1013;5;930;0,66825144;0,33174856;1;100;54;1;2;1569;1763;1743;0;0;5/2020
2021;1014;6;959;2,62E-05;0,99997379;0;0;13;2;2;87;736;3328;1;1;6/2021
2022;1015;7;1836;9,99E-06;0,99999001;0;0;30;2;2;276;1230;3072;1;1;7/2022
2023;1016;8;1309;0,000987118;0,999012882;0;0;33;2;2;557;1402;2334;1;1;8/2023
2024;1017;9;1498;9,76E-06;0,999990243;0;0;8;2;2;347;1076;3358;1;1;9/2024
2020;1018;10;1429;0,770476461;0,229523539;0;0;42;1;1;670;1552;1817;1;1;10/2020
2021;1019;11;1187;0,004812876;0,995187124;0;0;21;2;2;215;1125;2547;1;1;11/2021
2022;1020;12;509;0,999984612;1,54E-05;0;0;9;1;1;1137;1224;513;1;1;12/2022
2023;1021;1;659;0,999801211;0,000198789;0;0;5;1;1;659;730;2190;1;1;1/2023
2024;1022;2;1483;0,999920041;8,00E-05;0;0;53;1;1;291;651;1744;1;1;2/2024
2020;1023;3;1681;0,999976225;2,38E-05;0;0;11;1;1;195;1205;1122;1;1;3/2020
2021;1024;4;1180;0,999927421;7,26E-05;0;0;50;1;1;925;1252;1464;1;1;4/2021
2022;1025;5;1874;0,99951061;0,00048939;0;0;8;1;1;964;1233;1246;1;1;5/2022
2023;1026;6;1408;8,81E-06;0,999991188;0;0;45;2;2;613;1088;3952;1;1;6/2023
2024;1027;7;1036;0,999260399;0,000739601;0;0;39;1;1;373;926;2101;1;1;7/2024
2020;1028;8;1358;0,99998351;1,65E-05;0;0;60;1;1;889;1635;440;1;1;8/2020
2021;1029;9;1472;0,99998351;1,65E-05;0;0;20;1;1;443;892;797;1;1;9/2021
2022;1030;10;672;0,999979701;2,03E-05;0;0;61;1;1;724;1127;1457;1;1;10/2022
2023;1031;11;1712;0,999970362;2,96E-05;0;0;23;1;1;155;663;1422;1;1;11/2023
2024;1032;12;1635;2,27E-05;0,999977293;0;0;2;2;2;1209;1411;2315;1;1;12/2024
2020;1033;1;1659;0,999982081;1,79E-05;0;0;41;1;1;787;1515;545;1;1;1/2020
2021;1034;2;664;9,08E-06;0,999990918;0;0;6;2;2;1076;1472;3774;1;1;2/2021
2022;1035;3;1108;0,999977395;2,26E-05;0;0;2;1;1;208;1742;1229;1;1;3/2022
2023;1036;4;1217;0,999949551;5,04E-05;0;0;17;1;1;628;632;1711;1;1;4/2023
2024;1037;5;741;0,999975181;2,48E-05;0;0;14;1;1;334;594;1886;1;1;5/2024
2020;1038;6;1448;9,04E-06;0,99999096;0;0;45;2;2;570;1724;3378;1;1;6/2020
2021;1039;7;1630;0,093367392;0,906632608;0;0;32;2;2;712;1726;1751;1;1;7/2021
2022;1040;8;696;0,999941755;5,82E-05;0;0;35;1;1;533;797;2022;1;1;8/2022
2023;1041;9;516;1,63E-05;0,999983664;0;0;30;2;2;126;698;3731;1;1;9/2023
2024;1042;10;1407;0,000374318;0,999625682;0;0;22;2;2;1172;1217;2192;1;1;10/2024
2020;1043;11;525;0,999983426;1,66E-05;0;0;35;1;1;82;670;1609;1;1;11/2020
2021;1044;12;536;0,999984168;1,58E-05;0;0;53;1;1;547;705;1211;1;1;12/2021
2022;1045;1;1365;0,999978464;2,15E-05;0;0;31;1;1;293;970;1300;1;1;1/2022
2023;1046;2;673;9,38E-06;0,999990617;0;0;35;2;2;1096;1570;3541;1;1;2/2023
2024;1047;3;1755;8,76E-06;0,999991242;0;0;24;2;2;286;1075;3937;1;1;3/2024
2020;1048;4;614;0,000166412;0,999833588;0;0;51;2;2;1012;1040;2854;1;1;4/2020
2021;1049;5;636;0,072116106;0,927883894;0;0;28;2;2;148;742;2927;1;1;5/2021
2022;1050;6;1589;1,23E-05;0,999987719;0;0;51;2;2;810;1743;2612;1;1;6/2022
2023;1051;7;1929;0,213484776;0,786515224;1;100;19;2;1;349;1051;1913;0;0;7/2023
2024;1052;8;728;0,998821244;0,001178756;0;0;25;1;1;526;1529;2039;1;1;8/2024
2020;1053;9;732;8,82E-06;0,999991182;0;0;32;2;2;1661;1836;3883;1;1;9/2020
2021;1054;10;866;8,96E-06;0,999991043;0;0;46;2;2;692;1686;3825;1;1;10/2021
2022;1055;11;660;0,999984664;1,53E-05;0;0;40;1;1;262;1178;588;1;1;11/2022
2023;1056;12;1732;8,84E-06;0,999991155;0;0;61;2;2;201;656;3940;1;1;12/2023
2024;1057;1;1957;8,68E-06;0,99999132;0;0;31;2;2;396;1732;3801;1;1;1/2024
2020;1058;2;1322;0,999896579;0,000103421;0;0;7;1;1;177;1990;1418;1;1;2/2020
2021;1059;3;726;0,999983131;1,69E-05;0;0;40;1;1;323;978;1342;1;1;3/2021
2022;1060;4;932;0,999980123;1,99E-05;0;0;60;1;1;268;1078;1459;1;1;4/2022
2023;1061;5;1577;9,41E-05;0,999905864;0;0;42;2;2;1045;1737;2060;1;1;5/2023
2024;1062;6;826;0,999984802;1,52E-05;0;0;57;1;1;354;530;323;1;1;6/2024
2020;1063;7;1476;8,71E-06;0,99999129;0;0;43;2;2;1789;1972;3644;1;1;7/2020
2021;1064;8;1086;8,72E-06;0,999991277;0;0;24;2;2;1874;1976;3930;1;1;8/2021
2022;1065;9;1726;0,000658899;0,999341101;0;0;51;2;2;379;1223;2239;1;1;9/2022
2023;1066;10;1481;0,001795779;0,998204221;0;0;35;2;2;249;522;2635;1;1;10/2023
2024;1067;11;712;0,999984371;1,56E-05;0;0;49;1;1;1131;1743;401;1;1;11/2024
2020;1068;12;1625;0,999983717;1,63E-05;0;0;50;1;1;8;1219;670;1;1;12/2020
2021;1069;1;1369;8,99E-06;0,999991012;0;0;34;2;2;553;727;3856;1;1;1/2021
2022;1070;2;596;1,10E-05;0,999989005;0;0;64;2;2;885;1854;3238;1;1;2/2022
2023;1071;3;1225;0,005887719;0,994112281;0;0;60;2;2;10;1567;2423;1;1;3/2023
2024;1072;4;1565;0,999983961;1,60E-05;0;0;38;1;1;781;1364;308;1;1;4/2024
2020;1073;5;999;0,999638086;0,000361914;0;0;49;1;1;608;1970;1598;1;1;5/2020
2021;1074;6;654;0,999971385;2,86E-05;0;0;52;1;1;1715;1898;1036;1;1;6/2021
2022;1075;7;1569;8,76E-06;0,999991237;0;0;59;2;2;1261;1383;3672;1;1;7/2022
2023;1076;8;1112;1,03E-05;0,9999897;0;0;53;2;2;234;739;3655;1;1;8/2023
2024;1077;9;1661;0,999978965;2,10E-05;0;0;6;1;1;594;1337;864;1;1;9/2024
2020;1078;10;1150;0,999762308;0,000237692;0;0;27;1;1;234;1947;1610;1;1;10/2020
2021;1079;11;561;0,999984416;1,56E-05;0;0;2;1;1;1055;1294;665;1;1;11/2021
2022;1080;12;1747;3,34E-05;0,999966567;0;0;48;2;2;947;1131;2362;1;1;12/2022
2023;1081;1;1661;1,12E-05;0,999988795;0;0;23;2;2;846;1634;2676;1;1;1/2023
2024;1082;2;1125;0,999938155;6,18E-05;0;0;23;1;1;774;939;1641;1;1;2/2024
2020;1083;3;914;0,999983502;1,65E-05;0;0;26;1;1;706;721;1122;1;1;3/2020
2021;1084;4;1327;0,999981031;1,90E-05;0;0;23;1;1;441;1721;872;1;1;4/2021
2022;1085;5;1263;0,051375015;0,948624985;0;0;5;2;2;954;1609;1958;1;1;5/2022
2023;1086;6;1554;8,86E-06;0,999991141;0;0;5;2;2;395;1579;3635;1;1;6/2023
2024;1087;7;1641;0,710402832;0,289597168;1;100;48;1;2;224;1994;1695;0;0;7/2024
2020;1088;8;721;0,999917592;8,24E-05;0;0;16;1;1;408;1862;1713;1;1;8/2020
2021;1089;9;1496;0,999373543;0,000626457;0;0;38;1;1;501;506;1927;1;1;9/2021
2022;1090;10;1584;0,999866127;0,000133873;0;0;41;1;1;160;1291;1561;1;1;10/2022
2023;1091;11;1187;8,75E-06;0,999991249;0;0;46;2;2;1173;1814;3917;1;1;11/2023
2024;1092;12;962;0,989618236;0,010381764;0;0;2;1;1;1618;1916;1491;1;1;12/2024
2020;1093;1;827;0,999448401;0,000551599;0;0;35;1;1;23;826;2367;1;1;1/2020
2021;1094;2;867;0,999983904;1,61E-05;0;0;4;1;1;70;1974;790;1;1;2/2021
2022;1095;3;1811;3,52E-05;0,999964834;0;0;5;2;2;447;568;2700;1;1;3/2022
2023;1096;4;1963;0,999927686;7,23E-05;0;0;34;1;1;1136;1813;714;1;1;4/2023
2024;1097;5;1814;8,91E-06;0,999991086;0;0;9;2;2;756;786;3556;1;1;5/2024
2020;1098;6;1142;0,999938339;6,17E-05;0;0;2;1;1;623;769;1747;1;1;6/2020
2021;1099;7;1790;8,75E-06;0,999991251;0;0;49;2;2;396;1980;3568;1;1;7/2021
2022;1100;8;1122;1,53E-05;0,999984679;0;0;2;2;2;331;790;3291;1;1;8/2022
2023;1101;9;1310;0,000115803;0,999884197;0;0;15;2;2;954;970;2518;1;1;9/2023
2024;1102;10;855;0,999325091;0,000674909;0;0;59;1;1;1028;1196;1875;1;1;10/2024
2020;1103;11;1948;8,69E-06;0,999991312;0;0;16;2;2;631;1940;3630;1;1;11/2020
2021;1104;12;673;0,999840587;0,000159413;0;0;22;1;1;594;1088;2050;1;1;12/2021
2022;1105;1;1043;0,999981979;1,80E-05;0;0;42;1;1;716;1626;912;1;1;1/2022
2023;1106;2;1871;1,03E-05;0,99998969;0;0;41;2;2;275;1966;2727;1;1;2/2023
2024;1107;3;1960;8,71E-06;0,999991286;0;0;61;2;2;205;1299;3865;1;1;3/2024
2020;1108;4;1719;0,999984146;1,59E-05;0;0;12;1;1;240;904;462;1;1;4/2020
2021;1109;5;907;9,56E-06;0,999990441;0;0;44;2;2;144;896;3911;1;1;5/2021
2022;1110;6;1493;0,201907378;0,798092622;0;0;53;2;2;240;1414;2083;1;1;6/2022
2023;1111;7;1082;0,003265843;0,996734157;0;0;38;2;2;986;1191;2337;1;1;7/2023
2024;1112;8;1807;0,093413206;0,906586794;0;0;49;2;2;337;1384;1906;1;1;8/2024
2020;1113;9;1035;8,92E-06;0,999991078;0;0;49;2;2;574;1171;3991;1;1;9/2020
2021;1114;10;1973;0,000420897;0,999579103;0;0;39;2;2;792;1181;1993;1;1;10/2021
2022;1115;11;1086;1,50E-05;0,99998503;0;0;43;2;2;56;1150;3285;1;1;11/2022
2023;1116;12;1715;0,999980807;1,92E-05;0;0;31;1;1;638;1615;625;1;1;12/2023
2024;1117;1;1583;0,163689589;0,836310411;0;0;14;2;2;942;1651;1704;1;1;1/2024
2020;1118;2;512;0,019888453;0,980111547;0;0;15;2;2;249;1849;2610;1;1;2/2020
2021;1119;3;1205;0,999980694;1,93E-05;0;0;10;1;1;321;1870;953;1;1;3/2021
2022;1120;4;864;1,83E-05;0,999981656;0;0;54;2;2;127;1670;3121;1;1;4/2022
2023;1121;5;1776;0,999182918;0,000817082;0;0;35;1;1;278;623;1813;1;1;5/2023
2024;1122;6;1454;0,999966403;3,36E-05;0;0;6;1;1;698;1018;1300;1;1;6/2024
2020;1123;7;838;9,08E-06;0,999990918;0;0;13;2;2;984;1850;3554;1;1;7/2020
2021;1124;8;1054;0,998932173;0,001067827;0;0;40;1;1;27;774;2296;1;1;8/2021
2022;1125;9;1288;9,21E-06;0,99999079;0;0;50;2;2;1177;1809;3129;1;1;9/2022
2023;1126;10;862;9,20E-06;0,9999908;0;0;6;2;2;829;1977;3458;1;1;10/2023
2024;1127;11;1117;3,62E-05;0,999963815;0;0;12;2;2;798;817;2895;1;1;11/2024
2020;1128;12;771;0,999984535;1,55E-05;0;0;25;1;1;327;922;770;1;1;12/2020
2021;1129;1;1808;1,20E-05;0,999988036;0;0;31;2;2;714;1208;2736;1;1;1/2021
2022;1130;2;917;1,30E-05;0,999987024;0;0;31;2;2;423;909;3424;1;1;2/2022
2023;1131;3;880;0,999981157;1,88E-05;0;0;33;1;1;30;1350;1414;1;1;3/2023
2024;1132;4;1068;0,99833204;0,00166796;0;0;37;1;1;186;1998;1803;1;1;4/2024
2020;1133;5;1077;8,88E-06;0,99999112;0;0;58;2;2;135;1892;3902;1;1;5/2020
2021;1134;6;728;0,999984773;1,52E-05;0;0;23;1;1;126;817;457;1;1;6/2021
2022;1135;7;1748;1,66E-05;0,999983445;0;0;53;2;2;718;1109;2633;1;1;7/2022
2023;1136;8;834;0,99968628;0,00031372;0;0;27;1;1;1421;1463;1591;1;1;8/2023
2024;1137;9;1136;0,000348934;0,999651066;0;0;9;2;2;1307;1767;2110;1;1;9/2024
2020;1138;10;832;0,999948374;5,16E-05;0;0;39;1;1;125;1504;1799;1;1;10/2020
2021;1139;11;875;0,999984511;1,55E-05;0;0;30;1;1;469;853;702;1;1;11/2021
2022;1140;12;1095;0,999984437;1,56E-05;0;0;45;1;1;179;1247;560;1;1;12/2022
2023;1141;1;666;0,99998354;1,65E-05;0;0;54;1;1;58;1353;1254;1;1;1/2023
2024;1142;2;1414;0,999983995;1,60E-05;0;0;27;1;1;804;1564;312;1;1;2/2024
2020;1143;3;1448;0,986816938;0,013183062;0;0;26;1;1;1792;1850;1175;1;1;3/2020
2021;1144;4;1108;1,09E-05;0,999989138;0;0;52;2;2;130;1706;3264;1;1;4/2021
2022;1145;5;921;1,02E-05;0,999989777;0;0;10;2;2;1272;1469;3153;1;1;5/2022
2023;1146;6;1330;0,000179527;0,999820473;0;0;37;2;2;1103;1637;2166;1;1;6/2023
2024;1147;7;820;0,999983451;1,65E-05;0;0;58;1;1;468;694;1284;1;1;7/2024
2020;1148;8;1611;1,27E-05;0,999987331;0;0;27;2;2;163;1011;3078;1;1;8/2020
2021;1149;9;1914;0,999970358;2,96E-05;0;0;35;1;1;942;1701;643;1;1;9/2021
2022;1150;10;688;0,999984792;1,52E-05;0;0;2;1;1;271;869;391;1;1;10/2022
2023;1151;11;1219;0,999984098;1,59E-05;0;0;17;1;1;473;1022;705;1;1;11/2023
2024;1152;12;797;0,999267562;0,000732438;0;0;37;1;1;206;1167;2216;1;1;12/2024
2020;1153;1;1000;8,81E-06;0,999991186;0;0;63;2;2;1537;1761;3744;1;1;1/2020
2021;1154;2;858;8,96E-06;0,999991036;0;0;50;2;2;528;1416;3978;1;1;2/2021
2022;1155;3;658;9,16E-06;0,999990837;0;0;12;2;2;1156;1750;3587;1;1;3/2022
2023;1156;4;1905;0,994421625;0,005578375;0;0;6;1;1;849;898;1545;1;1;4/2023
2024;1157;5;671;0,062514177;0,937485823;0;0;30;2;2;852;1182;2504;1;1;5/2024
2020;1158;6;1589;9,20E-06;0,999990803;0;0;58;2;2;319;1206;3464;1;1;6/2020
2021;1159;7;1065;0,999984002;1,60E-05;0;0;48;1;1;1188;1948;265;1;1;7/2021
2022;1160;8;720;0,999983828;1,62E-05;0;0;14;1;1;366;1234;1086;1;1;8/2022
2023;1161;9;1886;0,993925641;0,006074359;0;0;24;1;1;809;1958;1179;1;1;9/2023
2024;1162;10;805;0,999984724;1,53E-05;0;0;64;1;1;641;704;418;1;1;10/2024
2020;1163;11;564;0,681349263;0,318650737;0;0;8;1;1;853;1737;2227;1;1;11/2020
2021;1164;12;819;0,999952209;4,78E-05;0;0;42;1;1;339;1242;1814;1;1;12/2021
2022;1165;1;712;0,989658407;0,010341593;0;0;27;1;1;1245;1309;2001;1;1;1/2022
2023;1166;2;1515;0,999983061;1,69E-05;0;0;56;1;1;1438;1593;262;1;1;2/2023
2024;1167;3;1101;0,873520906;0,126479094;0;0;31;1;1;387;1269;2196;1;1;3/2024
2020;1168;4;1131;0,999839048;0,000160952;0;0;49;1;1;658;878;1835;1;1;4/2020
2021;1169;5;1356;9,41E-06;0,999990594;0;0;35;2;2;782;951;3451;1;1;5/2021
2022;1170;6;643;0,999752912;0,000247088;0;0;23;1;1;314;1400;2096;1;1;6/2022
2023;1171;7;609;0,997139738;0,002860262;0;0;26;1;1;938;1948;1866;1;1;7/2023
2024;1172;8;1403;9,55E-06;0,999990449;0;0;26;2;2;461;1251;3371;1;1;8/2024
2020;1173;9;1579;0,70815803;0,29184197;0;0;27;1;1;831;1484;1713;1;1;9/2020
2021;1174;10;1492;1,48E-05;0,999985182;0;0;11;2;2;1684;1746;2259;1;1;10/2021
2022;1175;11;543;0,999984363;1,56E-05;0;0;60;1;1;693;1031;933;1;1;11/2022
2023;1176;12;1063;0,999901899;9,81E-05;0;0;3;1;1;394;849;1919;1;1;12/2023
2024;1177;1;1053;1,11E-05;0,999988856;0;0;45;2;2;594;1767;3086;1;1;1/2024
2020;1178;2;1727;0,99998353;1,65E-05;0;0;57;1;1;376;1288;512;1;1;2/2020
2021;1179;3;1959;0,999983272;1,67E-05;0;0;18;1;1;65;1055;619;1;1;3/2021
2022;1180;4;932;8,94E-06;0,999991055;0;0;64;2;2;1176;1224;3817;1;1;4/2022
2023;1181;5;1564;8,76E-06;0,999991241;0;0;42;2;2;1619;1962;3376;1;1;5/2023
2024;1182;6;1031;0,050414073;0,949585927;0;0;11;2;2;532;1247;2385;1;1;6/2024
2020;1183;7;1611;0,999940595;5,94E-05;0;0;3;1;1;303;714;1595;1;1;7/2020
2021;1184;8;1820;0,999966506;3,35E-05;0;0;64;1;1;1157;1951;574;1;1;8/2021
2022;1185;9;798;0,999816873;0,000183127;0;0;21;1;1;661;1951;1647;1;1;9/2022
2023;1186;10;1600;0,99984415;0,00015585;0;0;19;1;1;831;1713;1179;1;1;10/2023
2024;1187;11;1178;0,067191763;0,932808237;0;0;49;2;2;579;596;2511;1;1;11/2024
2020;1188;12;696;0,136194072;0,863805928;1;100;51;2;1;649;907;2630;0;0;12/2020
2021;1189;1;1549;0,999983556;1,64E-05;0;0;62;1;1;167;990;799;1;1;1/2021
2022;1190;2;1793;8,76E-06;0,999991237;0;0;12;2;2;1086;1418;3533;1;1;2/2022
2023;1191;3;1479;9,16E-06;0,999990841;0;0;24;2;2;327;645;3762;1;1;3/2023
2024;1192;4;1987;8,88E-06;0,999991118;0;0;53;2;2;1052;1516;3117;1;1;4/2024
2020;1193;5;1211;0,000799452;0,999200548;0;0;28;2;2;58;963;2750;1;1;5/2020
2021;1194;6;1620;0,99998311;1,69E-05;0;0;30;1;1;832;1033;606;1;1;6/2021
2022;1195;7;1521;8,86E-06;0,999991142;0;0;62;2;2;678;1630;3555;1;1;7/2022
2023;1196;8;906;9,19E-06;0,999990805;0;0;18;2;2;1102;1793;3412;1;1;8/2023
2024;1197;9;721;0,99998346;1,65E-05;0;0;6;1;1;1446;1988;530;1;1;9/2024
2020;1198;10;1934;9,68E-06;0,999990316;0;0;46;2;2;619;1299;2940;1;1;10/2020
2021;1199;11;1337;1,26E-05;0,999987426;0;0;5;2;2;161;1029;3242;1;1;11/2021
2022;1200;12;1063;0,999983955;1,60E-05;0;0;31;1;1;295;935;961;1;1;12/2022
2023;1201;1;1425;8,83E-06;0,999991174;0;0;33;2;2;396;1648;3771;1;1;1/2023
2024;1202;2;818;0,002494373;0,997505627;0;0;23;2;2;586;1552;2518;1;1;2/2024
2020;1203;3;1054;0,999645986;0,000354014;0;0;38;1;1;1097;1222;1675;1;1;3/2020
2021;1204;4;569;0,989802471;0,010197529;0;0;41;1;1;388;605;2651;1;1;4/2021
2022;1205;5;535;0,999984714;1,53E-05;0;0;48;1;1;290;811;740;1;1;5/2022
2023;1206;6;860;9,22E-06;0,999990782;0;0;49;2;2;692;979;3869;1;1;6/2023
2024;1207;7;1715;0,999983411;1,66E-05;0;0;3;1;1;79;1652;514;1;1;7/2024
2020;1208;8;1579;8,76E-06;0,999991243;0;0;5;2;2;1358;1739;3532;1;1;8/2020
2021;1209;9;686;0,999984359;1,56E-05;0;0;3;1;1;1109;1392;570;1;1;9/2021
2022;1210;10;1713;7,36E-05;0,999926378;0;0;27;2;2;729;974;2406;1;1;10/2022
2023;1211;11;1558;9,02E-06;0,999990982;0;0;27;2;2;120;1409;3598;1;1;11/2023
2024;1212;12;786;0,034850242;0,965149758;0;0;33;2;2;507;1697;2390;1;1;12/2024
2020;1213;1;1497;0,108093159;0,891906841;0;0;32;2;2;1920;1933;1329;1;1;1/2020
2021;1214;2;1068;0,999982048;1,80E-05;0;0;51;1;1;1405;1910;550;1;1;2/2021
2022;1215;3;742;0,999984624;1,54E-05;0;0;36;1;1;1161;1288;292;1;1;3/2022
2023;1216;4;1816;8,80E-06;0,999991205;0;0;50;2;2;800;1089;3637;1;1;4/2023
2024;1217;5;534;0,389209945;0,610790055;0;0;2;2;2;911;1220;2466;1;1;5/2024
2020;1218;6;1802;0,81161214;0,18838786;1;100;27;1;2;453;963;1885;0;0;6/2020
2021;1219;7;1946;8,91E-06;0,99999109;0;0;8;2;2;647;1849;3117;1;1;7/2021
2022;1220;8;1893;0,29181143;0,70818857;0;0;23;2;2;1203;1432;1482;1;1;8/2022
2023;1221;9;1318;0,999984286;1,57E-05;0;0;45;1;1;183;661;755;1;1;9/2023
2024;1222;10;1883;1,04E-05;0,999989597;0;0;10;2;2;836;1739;2600;1;1;10/2024
2020;1223;11;528;0,000107216;0,999892784;0;0;6;2;2;574;637;3256;1;1;11/2020
2021;1224;12;1289;9,44E-06;0,999990556;0;0;16;2;2;713;1854;3167;1;1;12/2021
2022;1225;1;1938;8,68E-06;0,999991316;0;0;44;2;2;1299;1935;3497;1;1;1/2022
2023;1226;2;1840;0,99995717;4,28E-05;0;0;34;1;1;311;1545;1078;1;1;2/2023
2024;1227;3;1366;8,76E-06;0,999991245;0;0;53;2;2;647;1876;3869;1;1;3/2024
2020;1228;4;745;0,700414122;0,299585878;0;0;35;1;1;89;1538;2459;1;1;4/2020
2021;1229;5;1166;0,049911462;0,950088538;0;0;25;2;2;59;1203;2488;1;1;5/2021
2022;1230;6;1566;0,99995484;4,52E-05;0;0;20;1;1;1603;1930;659;1;1;6/2022
2023;1231;7;1589;0,000452319;0,999547681;0;0;46;2;2;618;940;2373;1;1;7/2023
2024;1232;8;832;0,999984634;1,54E-05;0;0;34;1;1;311;1294;447;1;1;8/2024
2020;1233;9;1876;1,34E-05;0,999986589;0;0;56;2;2;235;585;3021;1;1;9/2020
2021;1234;10;1076;0,999984217;1,58E-05;0;0;38;1;1;129;915;891;1;1;10/2021
2022;1235;11;1864;8,69E-06;0,999991309;0;0;57;2;2;1279;1793;3586;1;1;11/2022
2023;1236;12;1619;0,999961686;3,83E-05;0;0;21;1;1;46;562;1641;1;1;12/2023
2024;1237;1;1966;0,593252109;0,406747891;1;100;40;1;2;1197;1987;1185;0;0;1/2024
2020;1238;2;1152;9,12E-06;0,99999088;0;0;26;2;2;1304;1673;3284;1;1;2/2020
2021;1239;3;1083;0,999982985;1,70E-05;0;0;49;1;1;295;503;1338;1;1;3/2021
2022;1240;4;504;0,031887351;0,968112649;0;0;54;2;2;1207;1539;2378;1;1;4/2022
2023;1241;5;1615;8,98E-06;0,99999102;0;0;15;2;2;622;1256;3488;1;1;5/2023
2024;1242;6;1541;0,605494062;0,394505938;0;0;5;1;1;536;1656;1795;1;1;6/2024
2020;1243;7;947;0,000549044;0,999450956;0;0;51;2;2;193;887;2915;1;1;7/2020
2021;1244;8;534;0,019575412;0,980424588;0;0;21;2;2;347;1477;2706;1;1;8/2021
2022;1245;9;1467;8,77E-06;0,999991233;0;0;18;2;2;888;1099;3962;1;1;9/2022
2023;1246;10;1159;0,173699758;0,826300242;0;0;28;2;2;378;751;2495;1;1;10/2023
2024;1247;11;987;0,004024538;0,995975462;0;0;52;2;2;419;736;2757;1;1;11/2024
2020;1248;12;1562;7,13E-05;0,99992873;0;0;55;2;2;1032;1776;2096;1;1;12/2020
2021;1249;1;1191;0,999980818;1,92E-05;0;0;13;1;1;179;1813;1028;1;1;1/2021
2022;1250;2;1656;0,999957891;4,21E-05;0;0;38;1;1;506;519;1499;1;1;2/2022
2023;1251;3;1330;0,637021866;0,362978134;0;0;38;1;1;1290;1441;1733;1;1;3/2023
2024;1252;4;1986;9,18E-06;0,999990818;0;0;39;2;2;251;599;3476;1;1;4/2024
2020;1253;5;1940;0,001509916;0,998490084;0;0;17;2;2;112;858;2297;1;1;5/2020
2021;1254;6;1286;0,999984607;1,54E-05;0;0;16;1;1;18;662;424;1;1;6/2021
2022;1255;7;1851;1,99E-05;0,999980061;0;0;53;2;2;174;1175;2678;1;1;7/2022
2023;1256;8;1994;8,74E-06;0,999991257;0;0;7;2;2;447;1435;3622;1;1;8/2023
2024;1257;9;1361;4,03E-05;0,999959667;0;0;47;2;2;881;1382;2495;1;1;9/2024
2020;1258;10;840;0,024172441;0,975827559;0;0;33;2;2;1482;1591;2072;1;1;10/2020
2021;1259;11;1314;0,999984474;1,55E-05;0;0;41;1;1;113;577;626;1;1;11/2021
2022;1260;12;1067;0,999982727;1,73E-05;0;0;14;1;1;965;1009;966;1;1;12/2022
2023;1261;1;707;1,06E-05;0,999989434;0;0;25;2;2;495;574;3838;1;1;1/2023
2024;1262;2;774;1,13E-05;0,999988666;0;0;10;2;2;1480;1731;2944;1;1;2/2024
2020;1263;3;936;7,73E-05;0,999922683;0;0;18;2;2;1330;1686;2391;1;1;3/2020
2021;1264;4;877;2,97E-05;0,999970285;0;0;46;2;2;457;652;3260;1;1;4/2021
2022;1265;5;1482;1,79E-05;0,999982124;0;0;48;2;2;634;642;2971;1;1;5/2022
2023;1266;6;977;0,999984024;1,60E-05;0;0;57;1;1;63;566;1206;1;1;6/2023
2024;1267;7;1347;0,002039769;0,997960231;0;0;44;2;2;434;967;2484;1;1;7/2024
2020;1268;8;1269;0,999974073;2,59E-05;0;0;52;1;1;1597;1920;665;1;1;8/2020
2021;1269;9;1330;0,000596437;0,999403563;0;0;40;2;2;194;892;2678;1;1;9/2021
2022;1270;10;1783;0,999978984;2,10E-05;0;0;42;1;1;1081;1979;387;1;1;10/2022
2023;1271;11;1725;8,95E-06;0,999991046;0;0;6;2;2;609;1307;3429;1;1;11/2023
2024;1272;12;1193;0,000489068;0,999510932;0;0;20;2;2;1442;1904;1958;1;1;12/2024
2020;1273;1;1375;9,00E-06;0,999990997;0;0;20;2;2;596;679;3847;1;1;1/2020
2021;1274;2;1624;0,000216935;0,999783065;0;0;28;2;2;689;699;2473;1;1;2/2021
2022;1275;3;1329;0,999940041;6,00E-05;0;0;52;1;1;1053;1458;1228;1;1;3/2022
2023;1276;4;1660;3,98E-05;0,99996022;0;0;24;2;2;223;1777;2402;1;1;4/2023
2024;1277;5;1204;0,999560979;0,000439021;0;0;10;1;1;480;1482;1724;1;1;5/2024
2020;1278;6;1405;0,016705545;0,983294455;0;0;8;2;2;284;1036;2376;1;1;6/2020
2021;1279;7;794;0,999983075;1,69E-05;0;0;2;1;1;1222;1890;668;1;1;7/2021
2022;1280;8;1072;0,001614549;0,998385451;0;0;19;2;2;380;877;2715;1;1;8/2022
2023;1281;9;1654;1,19E-05;0,999988123;0;0;43;2;2;546;629;3112;1;1;9/2023
2024;1282;10;520;0,990890581;0,009109419;0;0;31;1;1;264;519;2753;1;1;10/2024
2020;1283;11;1719;0,000150127;0,999849873;0;0;52;2;2;417;520;2610;1;1;11/2020
2021;1284;12;1975;1,33E-05;0,999986742;0;0;16;2;2;80;655;2998;1;1;12/2021
2022;1285;1;569;0,382703436;0,617296564;1;100;39;2;1;389;739;2811;0;0;1/2022
2023;1286;2;664;0,998222653;0,001777347;0;0;28;1;1;754;1497;2042;1;1;2/2023
2024;1287;3;1224;0,999984381;1,56E-05;0;0;6;1;1;747;826;506;1;1;3/2024
2020;1288;4;967;1,63E-05;0,99998368;0;0;25;2;2;243;1642;3076;1;1;4/2020
2021;1289;5;539;0,999982553;1,74E-05;0;0;24;1;1;958;967;1326;1;1;5/2021
2022;1290;6;1589;8,95E-06;0,999991045;0;0;5;2;2;776;1397;3430;1;1;6/2022
2023;1291;7;665;0,999984266;1,57E-05;0;0;31;1;1;496;1804;690;1;1;7/2023
2024;1292;8;1456;0,999599058;0,000400942;0;0;7;1;1;823;1104;1587;1;1;8/2024
2020;1293;9;1770;8,71E-06;0,99999129;0;0;9;2;2;1098;1373;3785;1;1;9/2020
2021;1294;10;1659;9,46E-06;0,999990541;0;0;16;2;2;819;902;3255;1;1;10/2021
2022;1295;11;674;0,999984672;1,53E-05;0;0;8;1;1;750;772;589;1;1;11/2022
2023;1296;12;1780;9,52E-06;0,999990478;0;0;27;2;2;1331;1463;2776;1;1;12/2023
2024;1297;1;1799;0,999979835;2,02E-05;0;0;49;1;1;632;1383;720;1;1;1/2024
2020;1298;2;799;0,999984712;1,53E-05;0;0;63;1;1;361;975;431;1;1;2/2020
2021;1299;3;1112;1,05E-05;0,999989491;0;0;12;2;2;777;1119;3302;1;1;3/2021
2022;1300;4;1413;0,999982224;1,78E-05;0;0;13;1;1;1323;1481;515;1;1;4/2022
2023;1301;5;1242;0,999984322;1,57E-05;0;0;28;1;1;315;1796;318;1;1;5/2023
2024;1302;6;1162;0,999971527;2,85E-05;0;0;56;1;1;56;997;1652;1;1;6/2024
2020;1303;7;1413;1,40E-05;0,999985983;0;0;10;2;2;314;1606;2867;1;1;7/2020
2021;1304;8;1793;1,06E-05;0,999989444;0;0;44;2;2;655;1459;2803;1;1;8/2021
2022;1305;9;1670;0,999492124;0,000507876;0;0;47;1;1;1706;1886;876;1;1;9/2022
2023;1306;10;1093;0,999948268;5,17E-05;0;0;22;1;1;238;807;1869;1;1;10/2023
2024;1307;11;1366;9,63E-06;0,999990368;0;0;34;2;2;402;964;3501;1;1;11/2024
2020;1308;12;912;0,999983307;1,67E-05;0;0;46;1;1;995;1310;851;1;1;12/2020
2021;1309;1;703;0,999982307;1,77E-05;0;0;30;1;1;218;1065;1472;1;1;1/2021
2022;1310;2;1567;8,77E-06;0,999991228;0;0;22;2;2;190;1326;3991;1;1;2/2022
2023;1311;3;1397;8,98E-06;0,999991023;0;0;9;2;2;1308;1991;3137;1;1;3/2023
2024;1312;4;569;0,998636755;0,001363245;0;0;4;1;1;351;1159;2351;1;1;4/2024
2020;1313;5;1753;0,999001088;0,000998912;0;0;12;1;1;387;1595;1445;1;1;5/2020
2021;1314;6;1104;0,99997657;2,34E-05;0;0;60;1;1;653;1413;1229;1;1;6/2021
2022;1315;7;854;0,000108824;0,999891176;0;0;30;2;2;518;1152;2889;1;1;7/2022
2023;1316;8;1991;0,475639225;0,524360775;1;100;15;2;1;298;1037;1861;0;0;8/2023
2024;1317;9;718;0,999437512;0,000562488;0;0;59;1;1;1185;1387;1824;1;1;9/2024
2020;1318;10;863;0,999984208;1,58E-05;0;0;6;1;1;717;1799;520;1;1;10/2020
2021;1319;11;531;0,994861228;0,005138772;0;0;12;1;1;158;1657;2331;1;1;11/2021
2022;1320;12;682;0,903152549;0,096847451;0;0;19;1;1;902;1064;2337;1;1;12/2022
2023;1321;1;1707;0,003200619;0,996799381;0;0;41;2;2;1331;1388;1774;1;1;1/2023
2024;1322;2;1439;0,999109638;0,000890362;0;0;20;1;1;626;932;1790;1;1;2/2024
2020;1323;3;832;0,999964178;3,58E-05;0;0;22;1;1;343;1431;1666;1;1;3/2020
2021;1324;4;1372;0,99998368;1,63E-05;0;0;34;1;1;687;937;725;1;1;4/2021
2022;1325;5;1018;1,07E-05;0,999989293;0;0;16;2;2;992;1433;3143;1;1;5/2022
2023;1326;6;769;0,999979547;2,05E-05;0;0;54;1;1;1385;1780;941;1;1;6/2023
2024;1327;7;1811;1,05E-05;0,999989491;0;0;33;2;2;1099;1553;2610;1;1;7/2024
2020;1328;8;1836;9,48E-05;0,999905183;0;0;14;2;2;168;1068;2469;1;1;8/2020
2021;1329;9;956;1,36E-05;0,999986398;0;0;41;2;2;511;1075;3286;1;1;9/2021
2022;1330;10;1127;0,93515988;0,06484012;0;0;57;1;1;928;1049;2048;1;1;10/2022
2023;1331;11;1723;0,999953531;4,65E-05;0;0;7;1;1;384;1361;1213;1;1;11/2023
2024;1332;12;648;1,43E-05;0,999985652;0;0;8;2;2;819;1997;2991;1;1;12/2024
2020;1333;1;1281;0,999481368;0,000518632;0;0;8;1;1;590;954;1851;1;1;1/2020
2021;1334;2;894;0,185718349;0,814281651;0;0;54;2;2;104;541;2829;1;1;2/2021
2022;1335;3;582;1,76E-05;0,999982358;0;0;32;2;2;1043;1702;2977;1;1;3/2022
2023;1336;4;1430;1,20E-05;0,999988042;0;0;27;2;2;1132;1182;2832;1;1;4/2023
2024;1337;5;1702;0,999975372;2,46E-05;0;0;47;1;1;1284;1643;595;1;1;5/2024
2020;1339;6;1766;9,44E-06;0,99999056;0;0;16;2;2;125;1227;3314;1;1;6/2020
2021;1340;7;1663;0,998733811;0,001266189;0;0;40;1;1;951;1545;1336;1;1;7/2021
2022;1341;8;833;0,996937865;0,003062135;0;0;27;1;1;359;1395;2150;1;1;8/2022
2023;1342;9;835;0,999982053;1,79E-05;0;0;7;1;1;323;1604;1181;1;1;9/2023
2024;1343;10;1970;0,000200025;0,999799975;0;0;15;2;2;1399;1684;1658;1;1;10/2024
2020;1344;11;783;0,999982987;1,70E-05;0;0;27;1;1;458;1263;1185;1;1;11/2020
2021;1345;12;1777;8,83E-06;0,999991173;0;0;20;2;2;511;616;3868;1;1;12/2021
2022;1346;1;1043;0,99998134;1,87E-05;0;0;29;1;1;887;893;1183;1;1;1/2022
2023;1347;2;687;1,31E-05;0,999986911;0;0;50;2;2;584;1151;3416;1;1;2/2023
2024;1348;3;1796;0,998579007;0,001420993;0;0;7;1;1;667;798;1642;1;1;3/2024
2020;1349;4;1949;1,61E-05;0,999983905;0;0;23;2;2;839;1136;2478;1;1;4/2020
2021;1350;5;1800;9,15E-06;0,999990853;0;0;8;2;2;400;823;3481;1;1;5/2021
2022;1351;6;561;0,003438248;0,996561752;0;0;40;2;2;426;865;2974;1;1;6/2022
2023;1352;7;1992;0,999940618;5,94E-05;0;0;57;1;1;1552;1596;606;1;1;7/2023
2024;1353;8;648;1,11E-05;0,999988889;0;0;54;2;2;1153;1817;3124;1;1;8/2024
2020;1354;9;623;1,74E-05;0,999982643;0;0;6;2;2;144;672;3657;1;1;9/2020
2021;1355;10;1575;0,176348381;0,823651619;0;0;11;2;2;492;818;2182;1;1;10/2021
2022;1356;11;1490;8,78E-06;0,999991215;0;0;64;2;2;1417;1464;3600;1;1;11/2022
2023;1357;12;761;0,00047448;0,99952552;0;0;3;2;2;1325;1945;2248;1;1;12/2023
2024;1358;1;1974;0,999982521;1,75E-05;0;0;24;1;1;250;545;861;1;1;1/2024
2020;1359;2;1610;0,999964958;3,50E-05;0;0;64;1;1;1236;1280;941;1;1;2/2020
2021;1360;3;843;9,35E-06;0,999990645;0;0;16;2;2;981;1096;3673;1;1;3/2021
2022;1361;4;881;0,999946647;5,34E-05;0;0;64;1;1;115;636;2110;1;1;4/2022
2023;1362;5;642;2,45E-05;0,999975461;0;0;34;2;2;331;1011;3355;1;1;5/2023
2024;1363;6;1450;0,999982043;1,80E-05;0;0;19;1;1;707;1882;575;1;1;6/2024
2020;1364;7;860;0,999873496;0,000126504;0;0;48;1;1;335;1463;1870;1;1;7/2020
2021;1365;8;1299;0,999846801;0,000153199;0;0;64;1;1;46;908;1938;1;1;8/2021
2022;1366;9;516;0,999984277;1,57E-05;0;0;39;1;1;855;1401;819;1;1;9/2022
2023;1367;10;1686;1,06E-05;0,999989423;0;0;38;2;2;397;1453;2958;1;1;10/2023
2024;1368;11;1332;0,999968287;3,17E-05;0;0;11;1;1;758;1165;1285;1;1;11/2024
2020;1369;12;842;0,999966222;3,38E-05;0;0;57;1;1;348;730;1903;1;1;12/2020
2021;1370;1;1507;0,999933128;6,69E-05;0;0;42;1;1;682;888;1486;1;1;1/2021
2022;1371;2;1741;8,81E-06;0,999991191;0;0;14;2;2;730;1895;3387;1;1;2/2022
2023;1372;3;823;0,999984747;1,53E-05;0;0;39;1;1;630;888;294;1;1;3/2023
2024;1373;4;1171;0,999984686;1,53E-05;0;0;19;1;1;248;755;263;1;1;4/2024
2020;1374;5;1082;0,998906805;0,001093195;0;0;2;1;1;398;724;2177;1;1;5/2020
2021;1375;6;816;0,999984461;1,55E-05;0;0;14;1;1;149;558;1018;1;1;6/2021
2022;1376;7;1569;8,91E-06;0,999991089;0;0;54;2;2;371;665;3905;1;1;7/2022
2023;1377;8;1809;1,07E-05;0,999989335;0;0;23;2;2;433;1661;2784;1;1;8/2023
2024;1378;9;1949;0,999974508;2,55E-05;0;0;20;1;1;518;592;1125;1;1;9/2024
2020;1379;10;730;6,87E-05;0,999931264;0;0;6;2;2;1096;1155;2812;1;1;10/2020
2021;1380;11;1336;0,999949418;5,06E-05;0;0;17;1;1;55;583;1869;1;1;11/2021
2022;1381;12;912;9,65E-06;0,999990348;0;0;58;2;2;165;1723;3573;1;1;12/2022
2023;1382;1;1760;4,96E-05;0,999950376;0;0;63;2;2;1382;1383;2053;1;1;1/2023
2024;1383;2;688;0,999976189;2,38E-05;0;0;40;1;1;376;1957;1382;1;1;2/2024
2020;1384;3;1875;8,95E-06;0,999991053;0;0;55;2;2;1802;1942;2712;1;1;3/2020
2021;1385;4;1296;0,999984026;1,60E-05;0;0;14;1;1;811;1272;490;1;1;4/2021
2022;1386;5;1965;2,21E-05;0,999977929;0;0;39;2;2;915;1965;2032;1;1;5/2022
2023;1387;6;1977;7,91E-05;0,999920899;0;0;54;2;2;1226;1242;1971;1;1;6/2023
2024;1388;7;571;0,999984695;1,53E-05;0;0;58;1;1;31;1536;555;1;1;7/2024
2020;1389;8;1454;9,87E-06;0,99999013;0;0;34;2;2;250;1033;3419;1;1;8/2020
2021;1390;9;550;0,999984693;1,53E-05;0;0;23;1;1;486;1930;302;1;1;9/2021
2022;1391;10;767;0,986410777;0,013589223;0;0;19;1;1;271;1000;2445;1;1;10/2022
2023;1392;11;1379;9,01E-06;0,999990988;0;0;19;2;2;387;671;3912;1;1;11/2023
2024;1393;12;1320;1,86E-05;0,99998141;0;0;48;2;2;103;1583;2893;1;1;12/2024
2020;1394;1;1337;0,998857115;0,001142885;0;0;31;1;1;48;644;2180;1;1;1/2020
2021;1395;2;1009;0,999892673;0,000107327;0;0;2;1;1;912;1043;1716;1;1;2/2021
2022;1396;3;1590;0,993447549;0,006552451;0;0;21;1;1;920;963;1701;1;1;3/2022
2023;1397;4;622;1,21E-05;0,99998787;0;0;9;2;2;98;511;3916;1;1;4/2023
2024;1398;5;600;1,28E-05;0,999987151;0;0;48;2;2;501;1465;3393;1;1;5/2024
2020;1399;6;899;2,35E-05;0,999976462;0;0;53;2;2;641;1638;2870;1;1;6/2020
2021;1400;7;538;0,999951188;4,88E-05;0;0;25;1;1;455;537;2215;1;1;7/2021
2022;1401;8;1138;1,08E-05;0,999989172;0;0;44;2;2;111;1138;3475;1;1;8/2022
2023;1402;9;1597;0,001545426;0,998454574;0;0;4;2;2;880;1145;2130;1;1;9/2023
2024;1403;10;1778;0,682452525;0,317547475;0;0;15;1;1;1445;1954;1214;1;1;10/2024
2020;1404;11;869;9,94E-06;0,999990059;0;0;34;2;2;478;539;3864;1;1;11/2020
2021;1405;12;1303;9,06E-05;0,999909375;0;0;15;2;2;229;1604;2574;1;1;12/2021
2022;1406;1;514;0,999983419;1,66E-05;0;0;18;1;1;1083;1492;980;1;1;1/2022
2023;1407;2;1524;0,000960814;0,999039186;0;0;10;2;2;154;550;2678;1;1;2/2023
2024;1408;3;616;1,14E-05;0,999988582;0;0;44;2;2;651;1618;3366;1;1;3/2024
2020;1409;4;1229;0,999673216;0,000326784;0;0;14;1;1;120;1878;1667;1;1;4/2020
2021;1410;5;638;8,30E-05;0,999917021;0;0;27;2;2;1171;1383;2735;1;1;5/2021
2022;1411;6;772;1,38E-05;0,999986176;0;0;39;2;2;1314;1854;2819;1;1;6/2022
2023;1412;7;651;0,999673015;0,000326985;0;0;63;1;1;548;858;2244;1;1;7/2023
2024;1413;8;645;1,82E-05;0,999981781;0;0;63;2;2;278;584;3615;1;1;8/2024
2020;1414;9;950;0,999979945;2,01E-05;0;0;55;1;1;86;1681;1305;1;1;9/2020
2021;1415;10;1109;0,99260462;0,00739538;0;0;39;1;1;1391;1787;1524;1;1;10/2021
2022;1416;11;942;0,999984152;1,58E-05;0;0;27;1;1;754;1532;587;1;1;11/2022
2023;1417;12;1359;8,92E-06;0,999991076;0;0;59;2;2;1692;1902;3142;1;1;12/2023
2024;1418;1;1627;1,10E-05;0,999988999;0;0;32;2;2;52;1082;3206;1;1;1/2024
2020;1419;2;1266;0,429335968;0,570664032;0;0;5;2;2;1365;1698;1687;1;1;2/2020
2021;1420;3;541;0,999975032;2,50E-05;0;0;10;1;1;1836;1873;1019;1;1;3/2021
2022;1421;4;1747;9,91E-06;0,999990093;0;0;13;2;2;800;873;3105;1;1;4/2022
2023;1422;5;852;0,999983241;1,68E-05;0;0;54;1;1;538;730;1275;1;1;5/2023
2024;1423;6;1417;0,815877596;0,184122404;0;0;45;1;1;364;1029;2129;1;1;6/2024
2020;1424;7;691;0,999984689;1,53E-05;0;0;33;1;1;951;962;424;1;1;7/2020
2021;1425;8;864;8,85E-06;0,999991155;0;0;24;2;2;1362;1378;3964;1;1;8/2021
2022;1426;9;840;1,00E-05;0,999989965;0;0;63;2;2;987;1081;3486;1;1;9/2022
2023;1427;10;1249;0,999984202;1,58E-05;0;0;55;1;1;605;1193;531;1;1;10/2023
2024;1428;11;1368;0,000708262;0,999291738;0;0;50;2;2;698;829;2496;1;1;11/2024
2020;1429;12;1842;8,75E-06;0,999991254;0;0;56;2;2;783;1227;3721;1;1;12/2020
2021;1430;1;1876;9,33E-06;0,999990665;0;0;64;2;2;600;1211;3132;1;1;1/2021
2022;1431;2;605;0,999897168;0,000102832;0;0;18;1;1;329;656;2301;1;1;2/2022
2023;1432;3;1375;0,999703771;0,000296229;0;0;35;1;1;227;772;1947;1;1;3/2023
2024;1433;4;1181;0,999554327;0,000445673;0;0;61;1;1;385;831;2020;1;1;4/2024
2020;1434;5;770;1,03E-05;0,999989744;0;0;61;2;2;603;1483;3473;1;1;5/2020
2021;1435;6;1522;0,999866581;0,000133419;0;0;28;1;1;952;1191;1368;1;1;6/2021
2022;1436;7;1698;0,999982747;1,73E-05;0;0;18;1;1;363;994;796;1;1;7/2022
2023;1437;8;987;8,93E-06;0,99999107;0;0;17;2;2;887;1274;3885;1;1;8/2023
2024;1438;9;1422;0,99998443;1,56E-05;0;0;3;1;1;1;926;509;1;1;9/2024
2020;1439;10;713;0,999980855;1,91E-05;0;0;53;1;1;123;1477;1462;1;1;10/2020
2021;1440;11;1853;0,002227914;0,997772086;0;0;27;2;2;985;1005;1973;1;1;11/2021
2022;1441;12;1083;0,999983471;1,65E-05;0;0;52;1;1;925;1469;681;1;1;12/2022
2023;1442;1;1749;0,02161259;0,97838741;0;0;49;2;2;470;775;2195;1;1;1/2023
2024;1443;2;576;0,004188626;0,995811374;0;0;30;2;2;847;893;2800;1;1;2/2024
2020;1444;3;867;0,999876542;0,000123458;0;0;57;1;1;289;724;2157;1;1;3/2020
2021;1445;4;843;0,999416257;0,000583743;0;0;56;1;1;140;800;2341;1;1;4/2021
2022;1446;5;1349;0,000629532;0,999370468;0;0;55;2;2;648;1019;2462;1;1;5/2022
2023;1447;6;1319;0,862660375;0,137339625;0;0;41;1;1;85;1152;2227;1;1;6/2023
2024;1448;7;1310;0,999981385;1,86E-05;0;0;57;1;1;449;889;1175;1;1;7/2024
2020;1449;8;1786;1,34E-05;0,999986602;0;0;61;2;2;74;865;3033;1;1;8/2020
2021;1450;9;1597;0,999979891;2,01E-05;0;0;34;1;1;64;1667;934;1;1;9/2021
2022;1451;10;1358;9,04E-06;0,99999096;0;0;36;2;2;1565;1858;3068;1;1;10/2022
2023;1452;11;772;9,59E-05;0,999904083;0;0;23;2;2;317;1805;2782;1;1;11/2023
2024;1453;12;1788;0,001492682;0,998507318;0;0;6;2;2;149;1022;2321;1;1;12/2024
2020;1454;1;1614;8,73E-06;0,999991269;0;0;55;2;2;860;1330;3914;1;1;1/2020
2021;1455;2;1220;3,17E-05;0,999968314;0;0;62;2;2;403;1933;2589;1;1;2/2021
2022;1456;3;1039;7,31E-05;0,999926883;0;0;6;2;2;62;544;3212;1;1;3/2022
2023;1457;4;1021;0,999936738;6,33E-05;0;0;9;1;1;901;1793;1355;1;1;4/2023
2024;1458;5;1901;0,999983636;1,64E-05;0;0;41;1;1;3;1662;368;1;1;5/2024
2020;1459;6;915;0,99998357;1,64E-05;0;0;56;1;1;532;1448;905;1;1;6/2020
2021;1460;7;1782;3,84E-05;0,999961556;0;0;58;2;2;867;999;2405;1;1;7/2021
2022;1461;8;1175;0,99949378;0,00050622;0;0;45;1;1;90;557;2240;1;1;8/2022
2023;1462;9;1004;0,999984339;1,57E-05;0;0;30;1;1;62;581;1012;1;1;9/2023
2024;1463;10;1219;0,000851842;0,999148158;0;0;4;2;2;1419;1698;1998;1;1;10/2024
2020;1464;11;1640;9,01E-06;0,999990994;0;0;36;2;2;664;1806;3235;1;1;11/2020
2021;1465;12;1373;1,24E-05;0,999987637;0;0;29;2;2;1220;1348;2752;1;1;12/2021
2022;1466;1;637;0,000190007;0,999809993;0;0;28;2;2;1080;1289;2725;1;1;1/2022
2023;1467;2;1835;0,999984176;1,58E-05;0;0;11;1;1;385;583;448;1;1;2/2023
2024;1468;3;1504;0,679321754;0,320678246;0;0;25;1;1;395;1853;1788;1;1;3/2024
2020;1469;4;595;1,14E-05;0,999988551;0;0;23;2;2;441;810;3752;1;1;4/2020
2021;1470;5;1114;0,999982624;1,74E-05;0;0;9;1;1;1040;1071;907;1;1;5/2021
2022;1471;6;717;0,999984612;1,54E-05;0;0;10;1;1;217;1106;688;1;1;6/2022
2023;1472;7;1048;0,999617366;0,000382634;0;0;28;1;1;966;1975;1458;1;1;7/2023
2024;1473;8;1221;1,14E-05;0,999988563;0;0;28;2;2;1895;1976;2438;1;1;8/2024
2020;1474;9;979;9,34E-06;0,999990661;0;0;5;2;2;793;1670;3449;1;1;9/2020
2021;1475;10;1590;0,998369165;0,001630835;0;0;7;1;1;1464;1595;1201;1;1;10/2021
2022;1476;11;807;0,99939121;0,00060879;0;0;37;1;1;245;829;2319;1;1;11/2022
2023;1477;12;752;1,07E-05;0,999989318;0;0;48;2;2;164;728;3860;1;1;12/2023
2024;1478;1;1578;9,72E-06;0,999990275;0;0;3;2;2;342;670;3483;1;1;1/2024
2020;1479;2;1057;9,47E-06;0,999990525;0;0;5;2;2;416;1055;3705;1;1;2/2020
2021;1480;3;1236;0,99998223;1,78E-05;0;0;32;1;1;492;1403;942;1;1;3/2021
2022;1481;4;1554;0,99998389;1,61E-05;0;0;47;1;1;319;1367;509;1;1;4/2022
2023;1482;5;1989;0,002382222;0,997617778;0;0;41;2;2;1100;1497;1665;1;1;5/2023
2024;1483;6;1576;0,99988079;0,00011921;0;0;20;1;1;410;1551;1379;1;1;6/2024
2020;1484;7;1511;8,71E-06;0,999991295;0;0;21;2;2;1455;1982;3746;1;1;7/2020
2021;1485;8;1154;0,999983995;1,60E-05;0;0;14;1;1;251;1801;587;1;1;8/2021
2022;1486;9;904;0,999974697;2,53E-05;0;0;14;1;1;56;760;1846;1;1;9/2022
2023;1487;10;1194;0,999984671;1,53E-05;0;0;34;1;1;494;509;313;1;1;10/2023
2024;1488;11;565;0,999937964;6,20E-05;0;0;50;1;1;543;703;2156;1;1;11/2024
2020;1489;12;710;0,999982659;1,73E-05;0;0;32;1;1;485;857;1419;1;1;12/2020
2021;1490;1;1831;0,807919487;0,192080513;0;0;55;1;1;1693;1790;1133;1;1;1/2021
2022;1491;2;645;0,999984497;1,55E-05;0;0;41;1;1;741;1130;714;1;1;2/2022
2023;1492;3;539;1,73E-05;0,999982677;0;0;21;2;2;551;599;3597;1;1;3/2023
2024;1493;4;1852;8,70E-06;0,999991296;0;0;10;2;2;580;1163;3970;1;1;4/2024
2020;1494;5;664;9,67E-06;0,999990328;0;0;51;2;2;701;1478;3629;1;1;5/2020
2021;1495;6;1220;0,999982326;1,77E-05;0;0;54;1;1;383;1249;1037;1;1;6/2021
2022;1496;7;594;0,999984748;1,53E-05;0;0;27;1;1;407;528;708;1;1;7/2022
2023;1497;8;1897;0,999983906;1,61E-05;0;0;54;1;1;630;738;412;1;1;8/2023
2024;1498;9;1571;0,999982224;1,78E-05;0;0;19;1;1;713;1398;666;1;1;9/2024
2020;1499;10;1348;0,002428423;0,997571577;0;0;36;2;2;468;741;2554;1;1;10/2020
2021;1500;11;1424;0,000103902;0,999896098;0;0;20;2;2;181;1199;2658;1;1;11/2021
2022;1501;12;1281;0,999937935;6,21E-05;0;0;28;1;1;1285;1617;1129;1;1;12/2022
2023;1502;1;1002;0,999982489;1,75E-05;0;0;27;1;1;115;1111;1295;1;1;1/2023
2024;1503;2;1860;8,66E-06;0,999991344;0;0;23;2;2;1362;1506;3918;1;1;2/2024
2020;1504;3;1433;0,953290747;0,046709253;0;0;5;1;1;420;784;2132;1;1;3/2020
2021;1505;4;915;0,999984522;1,55E-05;0;0;31;1;1;875;1316;378;1;1;4/2021
2022;1506;5;1830;0,003879869;0,996120131;0;0;14;2;2;773;1353;1905;1;1;5/2022
2023;1507;6;506;0,000215869;0,999784131;0;0;41;2;2;875;1025;2965;1;1;6/2023
2024;1508;7;965;3,77E-05;0,999962323;0;0;53;2;2;297;653;3227;1;1;7/2024
2020;1509;8;1030;0,002644897;0,997355103;0;0;37;2;2;503;551;2800;1;1;8/2020
2021;1510;9;1232;0,999952427;4,76E-05;0;0;30;1;1;625;761;1656;1;1;9/2021
2022;1511;10;727;0,99974956;0,00025044;0;0;32;1;1;813;1377;1891;1;1;10/2022
2023;1512;11;826;0,999170506;0,000829494;0;0;57;1;1;1077;1183;1907;1;1;11/2023
2024;1513;12;1854;0,997542099;0,002457901;0;0;33;1;1;665;718;1675;1;1;12/2024
2020;1514;1;1578;0,000123932;0,999876068;0;0;37;2;2;411;1226;2458;1;1;1/2020
2021;1515;2;814;0,993654731;0,006345269;0;0;41;1;1;1092;1406;1944;1;1;2/2021
2022;1516;3;576;0,99997452;2,55E-05;0;0;27;1;1;757;1518;1519;1;1;3/2022
2023;1517;4;721;1,01E-05;0,999989942;0;0;15;2;2;655;1255;3606;1;1;4/2023
2024;1518;5;1591;8,71E-06;0,999991291;0;0;49;2;2;1384;1883;3703;1;1;5/2024
2020;1519;6;930;0,022154746;0,977845254;0;0;34;2;2;1050;1726;2131;1;1;6/2020
2021;1520;7;581;0,999984868;1,51E-05;0;0;56;1;1;523;565;354;1;1;7/2021
2022;1521;8;936;9,21E-06;0,999990794;0;0;14;2;2;150;1677;3761;1;1;8/2022
2023;1522;9;1557;1,17E-05;0,999988286;0;0;2;2;2;1107;1442;2690;1;1;9/2023
2024;1523;10;537;0,998732892;0,001267108;0;0;55;1;1;1041;1430;2029;1;1;10/2024
2020;1524;11;1544;0,999977466;2,25E-05;0;0;45;1;1;236;857;1300;1;1;11/2020
2021;1525;12;1285;8,70E-06;0,9999913;0;0;11;2;2;1791;1896;3966;1;1;12/2021
2022;1526;1;1042;1,01E-05;0,999989917;0;0;50;2;2;727;1705;3215;1;1;1/2022
2023;1527;2;769;9,67E-06;0,999990326;0;0;9;2;2;248;874;3946;1;1;2/2023
2024;1528;3;954;0,999984652;1,53E-05;0;0;50;1;1;228;1058;438;1;1;3/2024
2020;1529;4;989;9,07E-06;0,99999093;0;0;17;2;2;256;1394;3892;1;1;4/2020
2021;1530;5;618;0,99998313;1,69E-05;0;0;13;1;1;591;724;1424;1;1;5/2021
2022;1531;6;1590;1,14E-05;0,999988602;0;0;14;2;2;1058;1109;2836;1;1;6/2022
2023;1532;7;1600;4,38E-05;0,999956192;0;0;16;2;2;1315;1710;2073;1;1;7/2023
2024;1533;8;1783;0,00320903;0,99679097;0;0;14;2;2;910;1566;1816;1;1;8/2024
2020;1534;9;681;0,014261939;0,985738061;0;0;17;2;2;371;1702;2548;1;1;9/2020
2021;1535;10;733;0,999980186;1,98E-05;0;0;7;1;1;445;1409;1403;1;1;10/2021
2022;1536;11;894;1,25E-05;0,999987522;0;0;16;2;2;286;1300;3377;1;1;11/2022
2023;1537;12;1260;0,002745857;0,997254143;0;0;13;2;2;165;736;2710;1;1;12/2023
2024;1538;1;1712;8,83E-06;0,99999117;0;0;63;2;2;747;1126;3652;1;1;1/2024
2020;1539;2;962;1,00E-05;0,999989955;0;0;17;2;2;546;1424;3438;1;1;2/2020
2021;1540;3;827;0,999977633;2,24E-05;0;0;18;1;1;448;821;1663;1;1;3/2021
2022;1541;4;1146;0,999984731;1,53E-05;0;0;57;1;1;73;583;291;1;1;4/2022
2023;1542;5;965;0,136392704;0,863607296;0;0;13;2;2;645;1275;2343;1;1;5/2023
2024;1543;6;1154;9,24E-06;0,999990762;0;0;35;2;2;1003;1827;3262;1;1;6/2024
2020;1544;7;1829;0,999955709;4,43E-05;0;0;36;1;1;291;563;1475;1;1;7/2020
2021;1545;8;1197;0,992205665;0,007794335;0;0;20;1;1;649;1629;1797;1;1;8/2021
2022;1546;9;853;1,01E-05;0,99998988;0;0;3;2;2;674;740;3701;1;1;9/2022
2023;1547;10;1967;0,941245296;0,058754704;0;0;46;1;1;518;1374;1567;1;1;10/2023
2024;1548;11;1081;0,999984732;1,53E-05;0;0;49;1;1;284;519;325;1;1;11/2024
2020;1549;12;507;0,99996223;3,78E-05;0;0;39;1;1;17;1084;2124;1;1;12/2020
2021;1550;1;925;9,82E-05;0,999901819;0;0;56;2;2;1262;1520;2466;1;1;1/2021
2022;1552;2;1139;0,999611153;0,000388847;0;0;58;1;1;742;999;1850;1;1;2/2022
2023;1553;3;843;0,999973244;2,68E-05;0;0;16;1;1;593;732;1734;1;1;3/2023
2024;1554;4;1775;1,04E-05;0,999989551;0;0;41;2;2;1633;1869;2343;1;1;4/2024
2020;1555;5;1130;0,999984396;1,56E-05;0;0;29;1;1;593;1327;432;1;1;5/2020
2021;1556;6;1983;1,75E-05;0,999982514;0;0;43;2;2;349;676;2775;1;1;6/2021
2022;1557;7;570;9,02E-06;0,999990976;0;0;9;2;2;1331;1917;3663;1;1;7/2022
2023;1558;8;627;0,999984672;1,53E-05;0;0;20;1;1;211;507;896;1;1;8/2023
2024;1559;9;808;1,12E-05;0,999988843;0;0;45;2;2;526;1324;3431;1;1;9/2024
2020;1560;10;1973;0,999711497;0,000288503;0;0;21;1;1;127;507;1724;1;1;10/2020
2021;1561;11;1071;8,96E-06;0,999991045;0;0;49;2;2;1328;1970;3393;1;1;11/2021
2022;1562;12;1129;0,999797098;0,000202902;0;0;21;1;1;1128;1702;1400;1;1;12/2022
2023;1563;1;1672;0,995298811;0,004701189;0;0;44;1;1;1250;1435;1348;1;1;1/2023
2024;1564;2;983;0,963019669;0,036980331;0;0;45;1;1;948;1205;2052;1;1;2/2024
2020;1565;3;536;0,999984643;1,54E-05;0;0;3;1;1;1386;1539;284;1;1;3/2020
2021;1566;4;1786;1,05E-05;0,999989494;0;0;14;2;2;616;912;3038;1;1;4/2021
2022;1567;5;1713;0,996387557;0,003612443;0;0;5;1;1;108;1963;1513;1;1;5/2022
2023;1568;6;1924;9,45E-06;0,99999055;0;0;63;2;2;122;686;3423;1;1;6/2023
2024;1569;7;1665;0,003987014;0,996012986;0;0;60;2;2;1572;1684;1601;1;1;7/2024
2020;1570;8;571;0,870184827;0,129815173;0;0;35;1;1;177;1282;2598;1;1;8/2020
2021;1571;9;559;0,999960671;3,93E-05;0;0;11;1;1;541;823;2019;1;1;9/2021
2022;1572;10;1428;0,998995209;0,001004791;0;0;7;1;1;584;983;1808;1;1;10/2022
2023;1573;11;1486;0,999982631;1,74E-05;0;0;52;1;1;1430;1747;297;1;1;11/2023
2024;1574;12;713;0,999984431;1,56E-05;0;0;2;1;1;1211;1378;485;1;1;12/2024
2020;1575;1;1299;0,993179996;0,006820004;0;0;60;1;1;1333;1838;1412;1;1;1/2020
2021;1576;2;1790;0,999938186;6,18E-05;0;0;2;1;1;622;792;1366;1;1;2/2021
2022;1577;3;1559;9,32E-06;0,999990681;0;0;6;2;2;179;1559;3352;1;1;3/2022
2023;1578;4;1059;8,79E-06;0,999991207;0;0;61;2;2;1613;1916;3716;1;1;4/2023
2024;1579;5;1695;0,999967755;3,22E-05;0;0;46;1;1;1791;1898;446;1;1;5/2024
2020;1580;6;807;0,99998319;1,68E-05;0;0;8;1;1;667;697;1284;1;1;6/2020
2021;1581;7;914;9,56E-06;0,999990439;0;0;60;2;2;740;840;3736;1;1;7/2021
2022;1582;8;946;0,999933983;6,60E-05;0;0;19;1;1;159;630;2104;1;1;8/2022
2023;1583;9;880;0,999983214;1,68E-05;0;0;50;1;1;1116;1381;827;1;1;9/2023
2024;1584;10;701;0,999918437;8,16E-05;0;0;15;1;1;1002;1256;1756;1;1;10/2024
2020;1585;11;1472;2,96E-05;0,999970446;0;0;61;2;2;710;1052;2677;1;1;11/2020
2021;1586;12;1454;0,999983894;1,61E-05;0;0;21;1;1;186;1100;719;1;1;12/2021
2022;1587;1;1778;0,99994955;5,05E-05;0;0;45;1;1;88;516;1624;1;1;1/2022
2023;1588;2;1320;0,999984327;1,57E-05;0;0;41;1;1;123;1229;542;1;1;2/2023
2024;1589;3;1414;0,732531447;0,267468553;0;0;49;1;1;130;887;2290;1;1;3/2024
2020;1590;4;733;0,999982037;1,80E-05;0;0;63;1;1;950;1739;984;1;1;4/2020
2021;1591;5;1150;0,999983759;1,62E-05;0;0;39;1;1;397;800;999;1;1;5/2021
2022;1592;6;1481;1,36E-05;0,999986352;0;0;37;2;2;116;1533;2945;1;1;6/2022
2023;1593;7;1093;0,997565498;0,002434502;0;0;31;1;1;1310;1420;1646;1;1;7/2023
2024;1594;8;508;0,999933851;6,61E-05;0;0;50;1;1;102;1195;2175;1;1;8/2024
2020;1595;9;610;1,05E-05;0,999989548;0;0;52;2;2;1039;1273;3472;1;1;9/2020
2021;1596;10;712;9,75E-06;0,999990255;0;0;9;2;2;881;1234;3612;1;1;10/2021
2022;1597;11;1664;5,59E-05;0,999944121;0;0;15;2;2;1178;1929;1968;1;1;11/2022
2023;1598;12;1375;9,01E-06;0,999990986;0;0;9;2;2;475;726;3869;1;1;12/2023
2024;1599;1;1910;0,999983016;1,70E-05;0;0;34;1;1;985;1284;309;1;1;1/2024
2020;1600;2;831;4,00E-05;0,999959997;0;0;62;2;2;1482;1490;2573;1;1;2/2020
